ROS Timestamp,Latitude,Longitude,PSIS (Yaw Angle)
1632488634000000000,34.056135,-118.242683,1.5707963267948966
1632488634060000000,34.05619842391965,-118.24268501332354,1.6342628450492358
1632488634120000000,34.05626159245357,-118.24269104518717,1.697729363303575
1632488634180000000,34.056324251244355,-118.24270107130275,1.7611958815579143
1632488634240000000,34.056386147987176,-118.2427150512986,1.8246623998122535
1632488634300000000,34.05644703344569,-118.24273292888226,1.8881289180665928
1632488634360000000,34.05650666245566,-118.24275463206699,1.951595436320932
1632488634420000000,34.056564794912084,-118.24278007346172,2.0150619545752715
1632488634480000000,34.056621196736096,-118.24280915062293,2.0785284728296105
1632488634540000000,34.05667564081745,-118.24284174646718,2.14199499108395
1632488634600000000,34.05672790792905,-118.24287772974247,2.205461509338289
1632488634660000000,34.05677778760968,-118.24291695555688,2.2689280275926285
1632488634720000000,34.05682507901148,-118.2429592659619,2.3323945458469675
1632488634780000000,34.056869591708654,-118.24300449058845,2.395861064101307
1632488634840000000,34.05691114646429,-118.24305244733291,2.4593275823556464
1632488634900000000,34.056949575952046,-118.24310294309043,2.5227941006099854
1632488634960000000,34.05698472542995,-118.2431557745324,2.5862606188643245
1632488635020000000,34.057016453363445,-118.24321072892523,2.649727137118664
1632488635080000000,34.05704463199535,-118.24326758498701,2.7131936553730034
1632488635140000000,34.05706914786026,-118.24332611377841,2.7766601736273424
1632488635200000000,34.057089902241444,-118.24338607962467,2.8401266918816814
1632488635260000000,34.057106811568325,-118.2434472410645,2.903593210136021
1632488635320000000,34.05711980775301,-118.24350935182234,2.9670597283903604
1632488635380000000,34.05712883846446,-118.2435721618001,3.0305262466446994
1632488635440000000,34.05713386733918,-118.24363541808418,3.093992764899039
1632488635500000000,34.05713487412767,-118.24369886596384,3.1574592831533783
1632488635560000000,34.057131854775946,-118.24376224995686,3.2209258014077173
1632488635620000000,34.05712482144188,-118.24382531483828,3.2843923196620564
1632488635680000000,34.05711380244621,-118.24388780666807,3.347858837916396
1632488635740000000,34.05709884215856,-118.2439494738137,3.4113253561707353
1632488635800000000,34.057080000818715,-118.24401006796332,3.4747918744250743
1632488635860000000,34.0570573542941,-118.2440693451257,3.5382583926794133
1632488635920000000,34.05703099377429,-118.2441270666126,3.601724910933753
1632488635980000000,34.057001025403785,-118.244183,3.6651914291880923
1632488636040000000,34.056967569854635,-118.24423692006387,3.7286579474424313
1632488636100000000,34.056930761840526,-118.24428860968715,3.7921244656967708
1632488636160000000,34.05689074957435,-118.24433786073395,3.8555909839511098
1632488636220000000,34.056847694171374,-118.24438447488771,3.9190575022054492
1632488636280000000,34.056801769000515,-118.24442826444968,3.9825240204597883
1632488636340000000,34.05675315898622,-118.24446905309475,4.045990538714127
1632488636400000000,34.05670205986386,-118.24450667658144,4.109457056968466
1632488636460000000,34.05664867739157,-118.24454098341324,4.172923575222806
1632488636520000000,34.05659322652173,-118.24457183544865,4.236390093477145
1632488636580000000,34.056535930535404,-118.24459910845744,4.299856611731485
1632488636640000000,34.056477020143326,-118.2446226926208,4.363323129985824
1632488636700000000,34.05641673255684,-118.24464249297363,4.426789648240163
1632488636760000000,34.05635531053279,-118.2446584297869,4.490256166494502
1632488636820000000,34.05629300139597,-118.24467043888868,4.553722684748841
1632488636880000000,34.056230056043304,-118.24467847192258,4.617189203003181
1632488636940000000,34.056166727933494,-118.24468249654238,4.68065572125752
1632488637000000000,34.0561032720665,-118.24468249654238,4.74412223951186
1632488637060000000,34.05603994395669,-118.24467847192258,4.807588757766199
1632488637120000000,34.055976998604024,-118.24467043888868,4.871055276020538
1632488637180000000,34.05591468946721,-118.2446584297869,4.934521794274877
1632488637240000000,34.055853267443155,-118.24464249297363,4.997988312529216
1632488637300000000,34.05579297985667,-118.2446226926208,5.061454830783555
1632488637360000000,34.05573406946459,-118.24459910845744,5.124921349037895
1632488637420000000,34.05567677347827,-118.24457183544865,5.188387867292234
1632488637480000000,34.055621322608424,-118.24454098341324,5.251854385546574
1632488637540000000,34.055567940136136,-118.24450667658144,5.315320903800913
1632488637600000000,34.05551684101378,-118.24446905309475,5.378787422055252
1632488637660000000,34.05546823099948,-118.24442826444968,5.442253940309591
1632488637720000000,34.05542230582862,-118.24438447488771,5.50572045856393
1632488637780000000,34.055379250425645,-118.24433786073395,5.569186976818269
1632488637840000000,34.05533923815947,-118.24428860968715,5.632653495072609
1632488637900000000,34.05530243014536,-118.24423692006387,5.696120013326948
1632488637960000000,34.05526897459621,-118.244183,5.759586531581288
1632488638020000000,34.055239006225705,-118.2441270666126,5.823053049835627
1632488638080000000,34.05521264570589,-118.2440693451257,5.886519568089966
1632488638140000000,34.05518999918128,-118.24401006796332,5.949986086344305
1632488638200000000,34.055171157841436,-118.2439494738137,6.013452604598645
1632488638260000000,34.055156197553785,-118.24388780666807,6.076919122852984
1632488638320000000,34.055145178558114,-118.24382531483828,6.140385641107323
1632488638380000000,34.05513814522405,-118.24376224995686,6.203852159361662
1632488638440000000,34.055135125872326,-118.24369886596384,6.267318677616002
1632488638500000000,34.05513613266081,-118.24363541808418,6.330785195870341
1632488638560000000,34.05514116153554,-118.2435721618001,6.39425171412468
1632488638620000000,34.055150192246984,-118.24350935182234,6.457718232379019
1632488638680000000,34.05516318843167,-118.2434472410645,6.521184750633359
1632488638740000000,34.05518009775855,-118.24338607962467,6.584651268887698
1632488638800000000,34.055200852139734,-118.24332611377841,6.648117787142037
1632488638860000000,34.05522536800464,-118.24326758498701,6.711584305396377
1632488638920000000,34.05525354663655,-118.24321072892523,6.775050823650716
1632488638980000000,34.055285274570046,-118.2431557745324,6.838517341905055
1632488639040000000,34.05532042404795,-118.24310294309043,6.901983860159394
1632488639100000000,34.05535885353571,-118.24305244733291,6.965450378413734
1632488639160000000,34.05540040829134,-118.24300449058845,7.028916896668073
1632488639220000000,34.05544492098851,-118.2429592659619,7.092383414922412
1632488639280000000,34.05549221239031,-118.24291695555688,7.155849933176751
1632488639340000000,34.055542092070944,-118.24287772974247,7.219316451431091
1632488639400000000,34.05559435918254,-118.24284174646718,7.28278296968543
1632488639460000000,34.0556488032639,-118.24280915062293,7.346249487939769
1632488639520000000,34.05570520508791,-118.24278007346172,7.409716006194108
1632488639580000000,34.055763337544334,-118.24275463206699,7.473182524448448
1632488639640000000,34.0558229665543,-118.24273292888226,7.536649042702787
1632488639700000000,34.05588385201282,-118.2427150512986,7.600115560957126
1632488639760000000,34.05594574875564,-118.24270107130275,7.663582079211466
1632488639820000000,34.05600840754642,-118.24269104518717,7.727048597465805
1632488639880000000,34.05607157608034,-118.24268501332354,7.790515115720144
1632488639940000000,34.056135,-118.242683,7.853981633974483
