ROS Timestamp,Latitude,Longitude,PSIS (Yaw Angle),Velocity
1729956477960000000,-25.4074883217,28.3384085838,4.598632981805217,1.9099273686
1729956478960000000,-25.4075111624,28.3384141997,4.486746550838059,2.0288391118
1729956479960000000,-25.4075310694,28.3384136968,4.542929454476973,2.0931243901
1729956480960999936,-25.407554874,28.3384021297,4.503716472243491,2.1376342778
1729956481960999936,-25.4075713025,28.3383812588,4.386269276069757,2.0931243901
1729956482911000064,-25.4075902456,28.3383726254,4.259809805248776,2.1376342778
1729956483860999936,-25.4076204205,28.3383660876,4.46555811789558,2.8269348151
1729956484811000064,-25.4076625396,28.3383546882,4.445903689147597,4.9364471447
1729956485760999936,-25.407706796,28.3383453004,4.4778301514550405,5.1278686535
1729956486711000064,-25.4077528965,28.3383388464,4.563830261632002,5.1278686535
1729956487660999936,-25.4077963985,28.3383316379,4.563830261632002,5.1278686535
1729956488609999872,-25.4078471929,28.3383154609,4.486554800313092,5.2917633068
1729956489560000000,-25.4079020943,28.3382993676,4.476583773046249,5.9350280775
1729956490509999872,-25.4079655034,28.3382722941,4.4050608274571355,6.8229980484
1729956491460000000,-25.4080192734,28.3382663429,4.537752190318584,6.8229980484
1729956492410000128,-25.4080686428,28.3382526804,4.522603898893354,6.4241943374
1729956493360000000,-25.4081204848,28.3382345755,4.418770989948609,6.4046630874
1729956494309999872,-25.4081789905,28.3382282891,4.5198235162900655,6.4241943374
1729956495260000000,-25.4082356941,28.3382248525,4.560570502718043,6.491210939
1729956496210000128,-25.4082947446,28.3382158838,4.533725429306505,6.6028594986
1729956497160000000,-25.4083474668,28.3382039815,4.501031964902686,6.491210939
1729956498109999872,-25.408404799,28.3381910734,4.509948364285704,6.6028594986
1729956499060000000,-25.4084619636,28.3381878883,4.60198861598166,6.6311492935
1729956500009999872,-25.4085189186,28.3381863796,4.657883893834869,6.6185302749
1729956501000000000,-25.4085778015,28.3381890618,4.706684402285261,6.6185302749
1729956502000000000,-25.4086383607,28.3381825239,4.6988226307860685,6.5667724624
1729956503000000000,-25.4086953577,28.3381730523,4.643502604507758,6.5292205825
1729956504000000000,-25.408755414,28.338168107,4.625765681002459,6.5667724624
1729956505000000000,-25.408805915,28.3381535225,4.549065471256704,6.0006256117
1729956506000000000,-25.4088502971,28.3381353338,4.431714150343707,6.0006256117
1729956507000000000,-25.4088751495,28.3381063324,4.2050650305436195,5.0005798351
1729956508000000000,-25.4089025164,28.3380759899,4.09375385114787,4.453628541
1729956509000000000,-25.4089150893,28.3380255308,3.7336463663882125,4.5762939463
1729956510000000000,-25.4089194898,28.3379705455,3.446979332460352,4.8645477306
1729956510999000064,-25.4089165561,28.3379057534,3.2272332315363697,5.5989532483
1729956511999000064,-25.4089184001,28.3378320765,3.2074829275259042,6.578308107
1729956512999000064,-25.4089257343,28.3377524484,3.2503391697215327,7.1609497086
1729956513999000064,-25.4089377204,28.3376795259,3.301536559727025,7.1683349626
1729956514999000064,-25.4089522211,28.3376127221,3.3584864654640607,6.9779968277
1729956515999000064,-25.4089731758,28.3375454154,3.412464238074587,6.9534454361
1729956516999000064,-25.4089955136,28.3374795337,3.476700663735916,6.7198791519
1729956517999000064,-25.4090249341,28.3374225367,3.6222393117317253,6.5354156509
1729956518999000064,-25.4090661731,28.3373777774,3.802005428324104,6.3747711196
1729956519999000064,-25.409112064,28.3373377119,3.950995585757094,6.30168152
1729956520999000064,-25.4091682646,28.3373100516,4.137472970704103,6.4759216323
1729956521999000064,-25.4092334758,28.3372838162,4.261727310493205,7.0679321305
1729956522999000064,-25.4093118047,28.3372674715,4.385598149234119,8.0549011249
1729956523999000064,-25.409399228,28.3372381348,4.404389700621498,9.0837860128
1729956524999000064,-25.409486316,28.337221874,4.458463348492762,9.2969818136
1729956525999000064,-25.4095671175,28.3372072056,4.4988268338725526,9.1863098165
1729956526999000064,-25.4096449854,28.3371917829,4.508318484828726,9.0710296651
1729956527999000064,-25.4097233143,28.3371746838,4.509277237450068,9.0115356466
1729956528999000064,-25.4098007631,28.3371545673,4.5022783433114775,8.9982299825
1729956529999000064,-25.4098782957,28.3371365462,4.500552588592016,8.893737795
1729956530999000064,-25.4099528527,28.3371164296,4.494512447074768,8.7136230489
1729956531999000064,-25.410028667,28.3371020966,4.513303998462147,8.6630859395
1729956532999000064,-25.4101038946,28.3370866739,4.517139008949259,8.5923767109
1729956533999000064,-25.4101786192,28.3370715026,4.509564863237516,8.577255251
1729956534999000064,-25.4102520866,28.3370526433,4.4964299523174525,8.4625854511
1729956535999000064,-25.4103268532,28.3370372206,4.497963956511948,8.5321197529
1729956536997999872,-25.4104010331,28.3370265756,4.5198235162900655,8.4258117695
1729956537997999872,-25.4104770569,28.3370119911,4.525288406234157,8.4525756855
1729956538997999872,-25.4105527874,28.3369988315,4.535547059288451,8.3880767841
1729956539997999872,-25.4106248299,28.3369818162,4.5266306599054325,8.3311157245
1729956540997999872,-25.4106970819,28.3369664774,4.522508023630869,8.2116699237
1729956541997999872,-25.4107661488,28.3369531501,4.519440015241877,8.0546417255
1729956542997999872,-25.4108358443,28.3369446844,4.537368689270397,7.8949127215
1729956543997999872,-25.4109033605,28.3369275853,4.5236585267771785,7.7759094256
1729956544997999872,-25.4109725112,28.3369075526,4.502374218573961,7.8003692645
1729956545997999872,-25.4110354174,28.3368936386,4.496334077054969,7.5903625505
1729956546997999872,-25.4110940069,28.3368797247,4.489622808702084,7.1432495133
1729956547997999872,-25.4111520097,28.336859189,4.4715982594128265,6.8269500748
1729956548997999872,-25.4112057796,28.3368508909,4.508318484828726,6.6951904312
1729956549997999872,-25.4112564482,28.3368422576,4.575622918880792,6.4057922378
1729956550997999872,-25.4113138223,28.336842509,4.6854959693427825,6.4047241225
1729956551997999872,-25.4113736691,28.3368605301,4.868905345899053,6.4567260757
1729956552997999872,-25.411435318,28.3368797247,4.973505256941919,6.6074981704
1729956553997999872,-25.4114959192,28.3369137552,5.067463013880556,6.9427795426
1729956554997999872,-25.4115419777,28.336965723,5.228725204873006,6.9655914322
1729956555997999872,-25.4115906766,28.3370202054,5.309068674582655,7.3417511003
1729956556997999872,-25.4116402136,28.3370709159,5.351349665205129,7.420623781
1729956557997999872,-25.4116871942,28.337114837,5.380016368598613,7.1753234879
1729956558997999872,-25.4117357673,28.3371564113,5.385289508019485,7.0584716813
1729956559997999872,-25.4117874417,28.3372011707,5.385385383280222,7.1790008561
1729956560997999872,-25.4118376074,28.3372460138,5.390562647438611,7.1876068131
1729956561997999872,-25.4118868511,28.3372880072,5.386727636951498,7.0804901139
1729956562997999872,-25.4119378131,28.3373306711,5.384618381183848,7.1395721452
1729956563997999872,-25.4119856318,28.3373738379,5.394493533188207,7.1046752946
1729956564996999936,-25.4120362166,28.3374158312,5.383755503823243,7.1371612565
1729956565996999936,-25.4120842868,28.3374642786,5.40350580783371,7.2102508561
1729956566996999936,-25.4121384339,28.3375056014,5.385193632757002,7.1465606706
1729956567996999936,-25.4121894797,28.3375492711,5.384618381183848,7.2054290788
1729956568996999936,-25.4122425372,28.337595623,5.38318025225009,7.2815551774
1729956569996999936,-25.4122941697,28.3376347665,5.364005199814523,7.1509704606
1729956570996999936,-25.412341737,28.3376804479,5.375701981800829,7.0527954117
1729956571996999936,-25.4123860773,28.3377201781,5.379057615977271,6.7520141617
1729956572996999936,-25.4124326387,28.3377607465,5.384426630658881,6.5359649673
1729956573996999936,-25.4124787811,28.3378079366,5.402163554162435,6.689346315
1729956574996999936,-25.4125211097,28.3378464934,5.399287296296663,6.5596160903
1729956575996999936,-25.4125653243,28.3378842119,5.391042023749283,6.4552917495
1729956576996999936,-25.4126157414,28.3379188292,5.360841316161301,6.4391632095
1729956577996999936,-25.4126670387,28.337958308,5.352787794138888,6.5576324478
1729956578996999936,-25.4127105827,28.3380049952,5.384139004873176,6.5676574722
1729956579996999936,-25.4127546715,28.3380535264,5.410888203022231,6.6145019546
1729956580996999936,-25.4128096148,28.3380952683,5.38183799858056,6.8759765641
1729956581996999936,-25.412857266,28.3381355852,5.382221499628747,6.9356689469
1729956582996999936,-25.4129044142,28.3381779138,5.3928636537312284,7.0269317643
1729956583996999936,-25.4129650153,28.3382266127,5.389508019554786,7.8273315447
1729956584996999936,-25.4130273348,28.3382803407,5.374647353917004,8.1884460468
1729956585996999936,-25.4130830744,28.33833717,5.377427736520292,8.2032775898
1729956586996999936,-25.4131363414,28.3383929096,5.40590268938881,8.339691164
1729956587996999936,-25.4131938413,28.3384458833,5.401971803639213,8.4997711201
1729956588996999936,-25.4132548196,28.3385050595,5.405135687290689,8.7193908711
1729956589996999936,-25.4133203242,28.3385615535,5.400437799442972,8.8385467549
1729956590996999936,-25.4133883433,28.3386143595,5.385289508019485,8.8951416036
1729956591996999936,-25.4134476034,28.3386719432,5.392192526895591,8.7659912129
1729956592996999936,-25.4135057738,28.3387201391,5.387878140097807,8.5512390156
1729956593996000000,-25.4135641957,28.3387659882,5.376277233373983,8.3942718525
1729956594996000000,-25.4136136489,28.3388178721,5.390562647438611,8.0736694354
1729956595996000000,-25.4136698076,28.3388668225,5.39200077637237,8.0179748553
1729956596996000000,-25.4137289001,28.3389163595,5.3798246180736475,8.0775909442
1729956597996000000,-25.4137856456,28.3389683273,5.373305100245728,8.1187744159
1729956598996000000,-25.4138430197,28.3390220553,5.379728742812909,8.1925659198
1729956599996000000,-25.4138968315,28.3390710894,5.370141216594253,8.0817718524
1729956600996000000,-25.4139550019,28.339113418,5.321724209192048,7.9990844745
1729956601996000000,-25.4140117055,28.3391524777,5.26707530974763,7.8469848651
1729956602996000000,-25.4140757432,28.3391844128,5.2343818453420665,7.687118532
1729956603996000000,-25.4141413316,28.3392140847,5.2071532708823405,7.6747741717
1729956604996000000,-25.4142012203,28.339238476,5.185773087414894,7.4594573991
1729956606000000000,-25.4142547388,28.3392730095,5.201209004627577,7.3361969011
1729956607000000000,-25.4143090116,28.3393105604,5.199099748858181,7.4292755144
1729956608000000000,-25.4143671401,28.339337634,5.157489885071344,7.2622833268
1729956609000000000,-25.414419988,28.3393613547,5.124796420667526,6.6981353775
1729956610000000000,-25.4144722072,28.339376526,5.086062814744714,6.1887817397
1729956611000000000,-25.4145180982,28.3393804655,5.10744299821216,5.5300445569
1729956612000000000,-25.414560762,28.3394046054,5.262569172424879,5.0821990978
1729956613000000000,-25.4145889672,28.3394462634,5.428145750215114,4.9020233165
1729956614000000000,-25.4146002408,28.3395102173,5.614143758849706,5.508193971
1729956615000000000,-25.4146245483,28.339555312,5.557769104685826,5.8246917738
1729956616000000000,-25.4146739177,28.3395937011,5.399191421035924,6.3536071792
1729956617000000000,-25.4147297831,28.3396199365,5.306480042504333,6.4724426284
1729956618000000000,-25.4147892946,28.339656733,5.323449963909765,6.8524322525
1729956619000000000,-25.4148534162,28.3397045937,5.351541415730096,7.6356353777
1729956620000000000,-25.4149176635,28.3397641052,5.389891520602974,8.2812194843
1729956621000000000,-25.4149790609,28.3398237843,5.398520294200289,8.7009124776
1729956622000000000,-25.4150350939,28.3398932703,5.470426740837589,8.938949587
1729956622999000064,-25.4150889058,28.3399656061,5.537922925414621,9.0456848165
1729956623999000064,-25.4151406221,28.3400316555,5.544346567980057,9.0015869161
1729956624999000064,-25.4152000917,28.3401008062,5.497942941084765,9.3762207053
1729956625999000064,-25.4152639618,28.340156043,5.450101185253968,9.3216094992
1729956626999000064,-25.4153349984,28.3402144648,5.419996352928471,9.4669036887
1729956627999000064,-25.4154001258,28.3402740602,5.42546124287431,9.3644409201
1729956628999000064,-25.4154700309,28.3403338231,5.404464560455052,9.4041900656
1729956629999000064,-25.4155331047,28.3403920774,5.409737699875923,9.147933962
1729956630999000064,-25.4155981902,28.3404509183,5.409545949350956,9.0692749044
1729956631999000064,-25.4156638205,28.3405025509,5.39171315058492,9.0267334005
1729956632999000064,-25.4157294089,28.3405582067,5.385481258542707,9.0536193868
1729956633999000064,-25.4157884594,28.3406128567,5.388549266933444,8.9538116475
1729956634999000064,-25.4158517847,28.3406690993,5.392288402158074,8.9514160177
1729956635999000064,-25.4159147747,28.3407240846,5.386823512213982,8.9083404561
1729956636999000064,-25.4159755854,28.3407796566,5.382988501726868,8.7283630391
1729956637999000064,-25.4160388688,28.3408260085,5.362854696668215,8.5352172871
1729956638999000064,-25.4161019845,28.3408782278,5.360553690375597,8.5700073262
1729956639999000064,-25.4161653098,28.3409314528,5.365155702960831,8.6858215352
1729956640999000064,-25.4162334127,28.3409859352,5.3617041935219065,8.890914919
1729956641999000064,-25.4162924213,28.3410412558,5.385577133805189,8.7230529805
1729956642999000064,-25.4163544055,28.3410935588,5.381358622269889,8.6762695332
1729956643999000064,-25.4164151324,28.3411467001,5.375222605490158,8.5662078877
1729956644999000064,-25.4164727999,28.3411991708,5.38931626902982,8.4590148945
1729956645999000064,-25.4165312637,28.3412527312,5.398999670510959,8.5997161885
1729956646999000064,-25.416594547,28.3413062916,5.391617275322437,8.7795410176
1729956647999000064,-25.416655693,28.341356583,5.387111137999685,8.8713684102
1729956648999000064,-25.416719144,28.3414131608,5.391809025847404,9.0514984151
1729956649999000064,-25.4167804576,28.3414663859,5.39123377427425,8.9522552511
1729956650999000064,-25.4168434057,28.3415180184,5.38318025225009,8.8418579122
1729956651999000064,-25.4169045936,28.3415692319,5.3789617407147885,8.6948089619
1729956652997999872,-25.416967416,28.3416232113,5.380399869646801,8.7152709981
1729956653997999872,-25.4170303222,28.3416776099,5.381646248055593,8.6977539082
1729956654997999872,-25.4170900432,28.3417304997,5.385864759592639,8.5131835957
1729956655997999872,-25.4171495967,28.3417890054,5.3999584231323015,8.5670471211
1729956656997999872,-25.4172098206,28.3418427334,5.40024604891975,8.5572662373
1729956657997999872,-25.4172693741,28.3418973834,5.39947904682163,8.5491027851
1729956658997999872,-25.4173312325,28.3419541288,5.405710938863844,8.6159362813
1729956659997999872,-25.4173934681,28.3420066834,5.396698664218341,8.6534576436
1729956660997999872,-25.4174508423,28.3420630936,5.401875928376731,8.5688781758
1729956661997999872,-25.4175108986,28.3421158996,5.395931662120221,8.3310394306
1729956662997999872,-25.4175693205,28.3421639279,5.3890286432441155,8.1375274677
1729956663997999872,-25.4176309275,28.3422149737,5.385577133805189,8.1313781757
1729956664997999872,-25.4176858708,28.3422686179,5.387878140097807,7.9399566668
1729956665997999872,-25.417740898,28.3423220944,5.382125624366265,7.7640075701
1729956666997999872,-25.417796931,28.3423664347,5.365155702960831,7.5203094499
1729956667997999872,-25.4178470967,28.342411194,5.3626629461432485,7.0552215592
1729956668997999872,-25.417903004,28.3424514272,5.348569282601841,6.7794189468
1729956669997999872,-25.4179509066,28.3424932529,5.342720891609561,6.2187500014
1729956670997999872,-25.4179898405,28.3425280378,5.319710828685136,5.4414367688
1729956671997999872,-25.4180308281,28.342545053,5.046849832511232,4.564819337
1729956672997999872,-25.4180715222,28.3425521776,4.832856247318793,3.9387664804
1729956673997999872,-25.4181004817,28.3425370064,4.502374218573961,3.0449371344
1729956674997999872,-25.4181125097,28.3425085079,4.0752499255461965,2.7610015875
1729956675997999872,-25.4181278905,28.3424696997,3.7974034157388705,3.2806091316
1729956676997999872,-25.4181428103,28.3424145468,3.7068971682391574,3.8441467294
1729956677997999872,-25.4181781819,28.342382025,3.9886745637960797,4.3231811533
1729956678997999872,-25.4182242405,28.3423712123,4.356547944792448,4.9159240734
1729956679997999872,-25.4182773398,28.3423628304,4.4682426252363845,5.5580139173
1729956680997999872,-25.4183398688,28.3423499223,4.4682426252363845,6.133636476
1729956681996999936,-25.4183944769,28.3423230164,4.29624240487897,6.3094635024
1729956682996999936,-25.4184407869,28.3422915004,4.163742792542487,6.3176269545
1729956683996999936,-25.4184892343,28.3422420472,4.0211762776749325,6.4548034682
1729956684996999936,-25.4185316887,28.3421974555,3.9722798939620563,5.9745025648
1729956685996999936,-25.4185707483,28.3421501816,3.95252958995159,5.4189758313
1729956686996999936,-25.4186014261,28.3421135526,3.9531048415247447,4.8670349132
1729956687996999936,-25.4186313076,28.3420841322,3.9804292912469537,4.488281251
1729956688996999936,-25.4186621949,28.3420615848,4.023860785015737,4.3723144541
1729956689996999936,-25.418693208,28.3420409654,4.0647036467061985,4.361831666
1729956690996999936,-25.4187278671,28.3420190886,4.111586649913907,4.4296569834
1729956691996999936,-25.4187625682,28.3419987206,4.142458484337525,4.5255432139
1729956692996999936,-25.4187986104,28.341975838,4.1513748837205435,4.6777954112
1729956693996999936,-25.4188382568,28.341952201,4.163455166755037,4.846862794
1729956694996999936,-25.4188786576,28.3419273906,4.175439574528793,4.9782104503
1729956695996999936,-25.4189200642,28.3419005685,4.183684847076174,5.1232299816
1729956696996999936,-25.4189635243,28.3418755066,4.196532132208789,5.2556915295
1729956697996999936,-25.4190093733,28.3418518696,4.222801954047172,5.3565063489
1729956698996999936,-25.4190556414,28.3418347705,4.31225357366306,5.4293823254
1729956699996999936,-25.4191059748,28.3418353573,4.561433380078647,5.5363159192
1729956700996999936,-25.4191558052,28.3418403864,4.65673339068856,5.5661468518
1729956701996999936,-25.4192028696,28.3418540489,4.762292054352767,5.5769958509
1729956702996999936,-25.4192542087,28.3418695554,4.845703532451408,5.7424469007
1729956703996999936,-25.4193069728,28.3418831341,4.874945487418046,5.9015960707
1729956704996999936,-25.4193577252,28.3418962937,4.880026876312206,5.9845123304
1729956705996999936,-25.4194119561,28.3419064358,4.829500613142351,6.0704040541
1729956706996999936,-25.4194663128,28.3419094533,4.736789234610758,6.1463470473
1729956707996999936,-25.4195172329,28.3419049271,4.649926247073194,6.1030578627
1729956708996999936,-25.4195741041,28.3418908455,4.577828049910925,6.1850128188
1729956709996999936,-25.4196269939,28.341879027,4.542066577116369,6.1828613295
1729956710996999936,-25.4196810152,28.3418659512,4.515796755277985,6.1738891615
1729956711996000000,-25.4197336117,28.3418502771,4.4687220015470555,6.1020660414
1729956712996000000,-25.419783484,28.3418265563,4.390391912342575,6.1817321791
1729956713996000000,-25.4198340688,28.3418010753,4.340249150220907,6.268981935
1729956714996000000,-25.4198851565,28.3417722415,4.291544517032998,6.5595855728
1729956715996000000,-25.4199348612,28.3417360317,4.278697231900383,6.9738006608
1729956716996000000,-25.4199993599,28.3417167533,4.446574815983235,7.4362640398
1729956717996000000,-25.4200657446,28.341698397,4.476679648308731,7.7176055926
1729956718996000000,-25.4201287346,28.3416812979,4.4759126462106105,7.6783599871
1729956719996000000,-25.4201923952,28.3416593373,4.429988395624244,7.5895233171
1729956720996000000,-25.420255469,28.3416324314,4.381475512959557,7.5338134783
1729956721996000000,-25.4203170341,28.3416056931,4.363067462620365,7.4115448015
1729956722996000000,-25.4203794792,28.341583062,4.414264852627603,7.4162902849
1729956723996000000,-25.4204426369,28.3415706568,4.493937195501614,7.2928619401
1729956724996000000,-25.4205034895,28.3415561561,4.499689711231412,6.7097015396
1729956725996000000,-25.420555122,28.3415387217,4.446383065458268,5.9273681654
1729956726996000000,-25.4206005938,28.3415160068,4.385502273971636,5.280975343
1729956727996000000,-25.4206368875,28.3414984886,4.374476618820967,4.201019288
1729956728996000000,-25.4206595605,28.3414891847,4.390391912342575,2.872222901
1729956729996000000,-25.4206716724,28.3414812219,4.379462132454389,1.8855133061
1729956730996000000,-25.4206797609,28.3414779529,4.381187887173851,1.4192352298
1729956731996000000,-25.4206888972,28.3414768633,4.381379637697073,0.9909362795
1729956732996000000,-25.4206951836,28.3414709121,4.381379637697073,0.7588958742
1729956733996000000,-25.4207003804,28.3414657992,4.381379637697073,0.5896606446
1729956734996000000,-25.4207003804,28.3414693196,4.381379637697073,0.2930603028
1729956735996000000,-25.4207028531,28.3414657992,4.381379637697073,0.2010803223
1729956736996000000,-25.4207016796,28.3414663859,4.381379637697073,0.2277069092
1729956737996000000,-25.4207012186,28.3414642904,4.381379637697073,0.2267150879
1729956738996000000,-25.4207037332,28.3414592613,4.381379637697073,0.443725586
1729956739996000000,-25.4207080498,28.3414611891,4.381379637697073,0.9713439943
1729956740994999808,-25.4207197845,28.341462614,4.381379637697073,1.7174224857
1729956741994999808,-25.4207412841,28.3414660506,4.556639616968447,2.2142181401
1729956742994999808,-25.4207633704,28.341458926,4.512441121101543,2.4930114751
1729956743994999808,-25.4207855824,28.3414512147,4.496334077054969,2.6405029303
1729956744994999808,-25.4208073754,28.3414471913,4.497005203890606,2.6430053717
1729956745994999808,-25.4208328145,28.3414383903,4.486171299264903,2.576141358
1729956746994999808,-25.4208467284,28.3414349538,4.484445544545442,1.9217224125
1729956747994999808,-25.4208578764,28.341433445,4.495375324433627,1.6031951908
1729956748994999808,-25.420869611,28.3414296732,4.486171299264903,1.4543609622
1729956749994999808,-25.4208806332,28.3414295893,4.501894842261544,1.3203125003
1729956750994999808,-25.4208906077,28.3414302599,4.501894842261544,1.3069915774
1729956751994999808,-25.4208982352,28.3414252308,4.501894842261544,1.2507171633
1729956752994999808,-25.420911311,28.3414191958,4.501894842261544,1.6975708011
1729956753994999808,-25.420925183,28.3414105624,4.501894842261544,1.890945435
1729956754994999808,-25.4209394742,28.3413915355,4.122037053491422,2.0343780522
1729956755994999808,-25.4209520051,28.3413696587,3.826741245967992,1.9856414799
1729956756994999808,-25.4209591297,28.3413554933,3.760683190322972,1.6076812747
1729956757994999808,-25.4209641589,28.3413437587,3.741699888410627,1.4919128421
1729956758994999808,-25.4209723312,28.3413277492,3.7324958632419043,1.9500732426
1729956759994999808,-25.4209856166,28.3413108178,3.7406452605268017,2.1226348881
1729956760994999808,-25.4209932441,28.3412969038,3.7292361043279447,1.5998992923
1729956761994999808,-25.4209926154,28.3412964009,3.728660852754791,0.19921875
1729956762994999808,-25.4209903104,28.3412965685,3.728660852754791,0.2124328613
1729956763994999808,-25.4209882149,28.3412954789,3.728660852754791,0.182144165
1729956764994999808,-25.4209897656,28.3412938025,3.728660852754791,0.1994018555
1729956765994999808,-25.4209937889,28.3412978258,3.728660852754791,0.2197418213
1729956766994999808,-25.4209987761,28.3413004242,3.728660852754791,0.2580871582
1729956767994999808,-25.4210005363,28.3413015977,3.728660852754791,0.0
1729956768994999808,-25.4210005363,28.3413015977,3.728660852754791,0.0
1729956769993999872,-25.4210005363,28.3413015977,3.728660852754791,0.0
1729956770993999872,-25.4210005363,28.3413015977,3.728660852754791,0.0
1729956771993999872,-25.4210005363,28.3413015977,3.728660852754791,0.0
1729956772993999872,-25.4210005363,28.3413015977,3.728660852754791,0.0
1729956773993999872,-25.4210005363,28.3413015977,3.728660852754791,0.0
1729956774993999872,-25.4210005363,28.3413015977,3.728660852754791,0.0
1729956775993999872,-25.4210005363,28.3413015977,3.728660852754791,0.0
1729956776993999872,-25.4210005363,28.3413015977,3.728660852754791,0.0
1729956777993999872,-25.4210005363,28.3413015977,3.728660852754791,0.0
1729956778993999872,-25.4210005363,28.3413015977,3.728660852754791,0.0
1729956779993999872,-25.4210005363,28.3413015977,3.728660852754791,0.0
1729956780993999872,-25.4210005363,28.3413015977,3.728660852754791,0.0
1729956781993999872,-25.4210005363,28.3413015977,3.728660852754791,0.0
1729956782993999872,-25.4210005363,28.3413015977,3.728660852754791,0.0
1729956783993999872,-25.4210005363,28.3413015977,3.728660852754791,0.0
1729956784993999872,-25.4210005363,28.3413015977,3.728660852754791,0.0
1729956785993999872,-25.4210005363,28.3413015977,3.728660852754791,0.0
1729956786993999872,-25.4210005363,28.3413015977,3.728660852754791,0.0
1729956787993999872,-25.4210005363,28.3413015977,3.728660852754791,0.0
1729956788993999872,-25.4210005363,28.3413015977,3.728660852754791,0.0
1729956789993999872,-25.4210005363,28.3413015977,3.728660852754791,0.0
1729956790993999872,-25.4210005363,28.3413015977,3.728660852754791,0.0
1729956791993999872,-25.4210005363,28.3413015977,3.728660852754791,0.0
1729956792993999872,-25.4210005363,28.3413015977,3.728660852754791,0.0
1729956793993999872,-25.4210005363,28.3413015977,3.728660852754791,0.0
1729956794993999872,-25.4210005363,28.3413015977,3.728660852754791,0.0
1729956795993999872,-25.4210005363,28.3413015977,3.728660852754791,0.0
1729956796993999872,-25.4209857004,28.3412994184,3.728660852754791,0.0079803466
1729956797993999872,-25.4209853232,28.341299586,3.728660852754791,0.0120849609
1729956798992999936,-25.4209852394,28.3412996698,3.728660852754791,0.0
1729956799992999936,-25.4209852394,28.3412996698,3.728660852754791,0.0
1729956800992999936,-25.4209852394,28.3412996698,3.728660852754791,0.0
1729956801992999936,-25.4209852394,28.3412996698,3.728660852754791,0.0
1729956802992999936,-25.4209852394,28.3412996698,3.728660852754791,0.0
1729956803992999936,-25.4209852394,28.3412996698,3.728660852754791,0.0
1729956804992999936,-25.4209852394,28.3412996698,3.728660852754791,0.0
1729956805992999936,-25.4209852394,28.3412996698,3.728660852754791,0.0
1729956806992999936,-25.4209852394,28.3412996698,3.728660852754791,0.0
1729956807992999936,-25.4209852394,28.3412996698,3.728660852754791,0.0
1729956808992999936,-25.4209829763,28.3413021006,3.728660852754791,0.0076904296
1729956809992999936,-25.4209834373,28.3413020168,3.728660852754791,0.0138397216
1729956810992999936,-25.4209831439,28.3413023521,3.728660852754791,0.0160217285
1729956811992999936,-25.4209834792,28.3413032741,3.728660852754791,0.0
1729956812992999936,-25.4209834373,28.3413036093,3.728660852754791,0.0192260742
1729956813992999936,-25.4209820123,28.3413042799,3.728660852754791,0.0270233154
1729956814992999936,-25.4209823476,28.3413062916,3.728660852754791,0.0
1729956815992999936,-25.4209825153,28.3413055372,3.728660852754791,0.0970153808
1729956816992999936,-25.4209829343,28.3412995022,3.728660852754791,0.5784454347
1729956817992999936,-25.4209882569,28.3412821517,3.728660852754791,1.8139953617
1729956818992999936,-25.4209903523,28.3412484564,3.3390237872410453,3.1028289802
1729956819992999936,-25.4209948367,28.3412033618,3.257913315435021,4.28869629
1729956820992999936,-25.4209930345,28.3411515616,3.1680781947692003,4.8424682628
1729956821992999936,-25.4209890531,28.3411030304,3.0803523298710314,4.8586273204
1729956822992999936,-25.4209750973,28.3410453629,3.012952020556481,5.7372741712
1729956823992999936,-25.4209642846,28.3409847617,2.9996253591131956,5.9987182631
1729956824992999936,-25.4209560284,28.3409260046,3.002789242764671,5.8186798109
1729956825992999936,-25.4209501192,28.3408744559,3.005857251155409,5.7709503187
1729956826992999936,-25.4209411087,28.3408175428,2.995694473363598,5.762893678
1729956827992000000,-25.4209350318,28.3407628089,2.9880244523893724,5.7064819349
1729956828992000000,-25.4209234228,28.3407055605,2.9652061399881684,5.6836090101
1729956829992000000,-25.4209129455,28.3406509105,2.9467022143882393,5.5354156507
1729956830992000000,-25.4208988639,28.3405959253,2.9290611661454244,5.4076538098
1729956831992000000,-25.4208854109,28.3405499086,2.9234045256763648,5.156478883
1729956832992000000,-25.4208803818,28.3405043111,3.041139347637549,4.892364503
1729956833992000000,-25.420890943,28.340453852,3.273061606860253,4.8032073985
1729956834992000000,-25.420907581,28.3404064942,3.3910840546071417,4.6934509288
1729956835992000000,-25.4209271109,28.3403604776,3.4694141438116226,4.7685699473
1729956836992000000,-25.4209450481,28.3403183166,3.527418677432483,4.7307739268
1729956837992000000,-25.4209528433,28.3402733058,3.3923304330159336,4.6795959483
1729956838992000000,-25.4209546873,28.3402229306,3.2498597934108617,4.9088134777
1729956839992000000,-25.4209521728,28.3401697055,3.1754605899577233,5.0699768078
1729956840992000000,-25.4209479399,28.3401154746,3.1350012293154492,5.3057708752
1729956841992000000,-25.4209461797,28.3400572203,3.144876381319809,5.4766693127
1729956842992000000,-25.4209541425,28.3400024027,3.2596390701544844,5.5021057141
1729956843992000000,-25.4209735466,28.3399505187,3.403164337641636,5.5267333997
1729956844992000000,-25.4209941661,28.339903161,3.472002775889944,5.5063476575
1729956845992000000,-25.4210114747,28.339854043,3.4887809467721556,5.4853973401
1729956846992000000,-25.4210276937,28.3398031649,3.4870551920526927,5.4887695325
1729956847992000000,-25.4210381292,28.3397542984,3.432789793656462,5.4167938245
1729956848992000000,-25.4210436612,28.3397008218,3.3079602022942054,5.4346313489
1729956849992000000,-25.4210426973,28.3396443278,3.197799526044765,5.531921388
1729956850992000000,-25.4210394703,28.3395911865,3.1326043477603487,5.5512542737
1729956851992000000,-25.4210308369,28.3395319265,3.079968828822843,5.6856689466
1729956852992000000,-25.4210245924,28.3394696489,3.058013393782243,5.8338775648
1729956853992000000,-25.4210200243,28.3394140769,3.0776678225302265,5.8519134535
1729956854992000000,-25.4210222874,28.3393595945,3.183993488290808,5.7901153577
1729956855992000000,-25.4210362852,28.3393041902,3.3163972253665532,5.7984619154
1729956856992000000,-25.4210537195,28.3392455168,3.3764151394925808,5.8403625501
1729956857991000064,-25.4210678011,28.3391942196,3.3938644372104294,5.7225189222
1729956858991000064,-25.4210788233,28.3391442634,3.3721007526947964,5.5640106214
1729956859991000064,-25.4210802902,28.3390925471,3.2594473196295177,5.3201599133
1729956860991000064,-25.42107019,28.3390397411,3.0363455845290934,5.3446655285
1729956861991000064,-25.4210628558,28.3389844206,3.0195674136468815,5.3793182385
1729956862991000064,-25.421057659,28.3389301058,3.049672245972379,5.3903045666
1729956863991000064,-25.4210607603,28.3388789762,3.1568607890935656,5.309188844
1729956864991000064,-25.4210749257,28.3388270922,3.303645815496421,5.2469177258
1729956865991000064,-25.4210949166,28.3387831711,3.451677220306324,5.1475372326
1729956866991000064,-25.4211152427,28.3387405072,3.519940406981478,5.0675048839
1729956867991000064,-25.4211350659,28.3386958316,3.5359515757655684,5.0539093029
1729956868991000064,-25.4211543443,28.3386524134,3.5373897046993266,5.0320587169
1729956869991000064,-25.4211710243,28.3386053909,3.5281856795288586,5.0033569347
1729956870991000064,-25.4211840581,28.3385584522,3.477084164785849,4.9266510021
1729956871991000064,-25.4211900512,28.3385065683,3.345543305070708,4.9787292492
1729956872991000064,-25.4211882072,28.3384551872,3.215152948500131,5.0559387218
1729956873991000064,-25.4211828008,28.3383972682,3.122729195755989,5.228744508
1729956874991000064,-25.4211741675,28.3383452166,3.067984421049087,5.3408966076
1729956875991000064,-25.4211703537,28.3382892255,3.050535123332983,5.4180755627
1729956876991000064,-25.4211625166,28.3382333182,3.039509468180569,5.5175018323
1729956877991000064,-25.4211558949,28.338176908,3.030976569847484,5.5944061292
1729956878991000064,-25.4211473454,28.3381209169,3.027045684097888,5.6494140638
1729956879991000064,-25.4211439088,28.3380629979,3.0619442795318395,5.6643219007
1729956880991000064,-25.42114613,28.3380023968,3.1206199399883383,5.7596282972
1729956881991000064,-25.4211501952,28.3379409574,3.168749321604839,5.8142852796
1729956882991000064,-25.42116281,28.3378780932,3.2786223720668293,5.9344635023
1729956883991000064,-25.4211807892,28.3378210124,3.3817841541759353,5.9540710463
1729956884991000064,-25.4212002771,28.3377701342,3.448033960344177,5.890213014
1729956885991000064,-25.4212239141,28.3377196752,3.506326119750742,5.6689910901
1729956886990000128,-25.4212444078,28.3376698867,3.5197486564565112,5.8071441663
1729956887990000128,-25.4212670809,28.3376175836,3.5471689814412035,5.9348144545
1729956888990000128,-25.4212886224,28.3375666216,3.592230354666966,6.0408782973
1729956889990000128,-25.4213016143,28.3375078645,3.5267475505968457,6.2400665297
1729956890990000128,-25.4213144805,28.3374506161,3.485712938381418,6.1944580092
1729956891990000128,-25.4213262152,28.3373905178,3.441130941466326,6.2239379897
1729956892990000128,-25.4213345552,28.3373319283,3.391179929869625,6.1906738295
1729956893990000128,-25.4213420151,28.3372740094,3.3745935095123802,6.217407228
1729956894990000128,-25.4213552585,28.3372138273,3.3779491436870774,6.227676393
1729956895990000128,-25.4213612935,28.337161189,3.404314840787944,6.1523132338
1729956896990000128,-25.4213807814,28.3371061199,3.517543525426378,6.0608825697
1729956897990000128,-25.4214024486,28.3370536492,3.547456607228653,5.9818573011
1729956898990000128,-25.4214236548,28.337001849,3.573247052754621,5.87010193
1729956899990000128,-25.4214505607,28.3369523958,3.637291727894474,5.8077087415
1729956900990000128,-25.421485178,28.336908307,3.7636553234512267,5.7374572767
1729956901990000128,-25.421525453,28.336872181,3.9476399515806517,5.6253662122
1729956902990000128,-25.4215649318,28.3368413355,4.029229799699092,5.231781007
1729956903990000128,-25.4215995491,28.3368113283,4.014369134059565,4.8047332774
1729956904990000128,-25.4216261616,28.3367784713,3.888484914813483,4.353729249
1729956905990000128,-25.4216402851,28.3367362265,3.606228142945889,4.4198303232
1729956906990000128,-25.421651433,28.3366896231,3.479864547389137,4.7472229014
1729956907990000128,-25.4216620361,28.336639164,3.415723996988546,4.9963989269
1729956908990000128,-25.4216679035,28.3365848493,3.3070973249353464,5.1506652844
1729956909990000128,-25.4216565879,28.3365292773,3.0151571515866147,5.2509613049
1729956910990000128,-25.4216430092,28.3364709392,2.917652009946567,5.3463592541
1729956911990000128,-25.4216238147,28.336415032,2.827433388230814,5.4809265149
1729956912990000128,-25.4215975793,28.3363605496,2.728394242396271,5.6481018079
1729956913990000128,-25.4215630459,28.3363147006,2.627725217104748,5.8209228529
1729956914990000128,-25.4215336254,28.3362660017,2.5998255158093846,5.9839477552
1729956915989000192,-25.4215022771,28.336214453,2.6045234036553566,6.154327394
1729956916989000192,-25.421470803,28.3361636587,2.6246572087140096,6.2857971206
1729956917989000192,-25.4214414664,28.3361101821,2.6543785399913196,6.3709411635
1729956918989000192,-25.4214157339,28.3360492457,2.6974265327119147,6.5222167983
1729956919989000192,-25.4213933123,28.3359906562,2.728394242396271,6.5735015884
1729956920989000192,-25.4213746626,28.3359361738,2.7586908252467346,6.5368652358
1729956921989000192,-25.4213527858,28.3358774167,2.7763318734878046,6.526657106
1729956922989000192,-25.421337866,28.3358159773,2.786590526542098,6.5040588394
1729956923989000192,-25.4213203479,28.3357576393,2.7735514908845165,6.4555053725
1729956924989000192,-25.4213013209,28.3357028216,2.770291731970558,6.3384094253
1729956925989000192,-25.4212884966,28.3356433101,2.841239425986516,6.219863893
1729956926989000192,-25.4212792765,28.3355833795,2.9048047248139524,6.1212158217
1729956927989000192,-25.4212761333,28.3355245386,2.941429074967368,5.9045257582
1729956928989000192,-25.421274415,28.3354600817,2.937785815005221,5.4178466809
1729956929989000192,-25.421258699,28.3354089521,2.834719908156852,5.2312927258
1729956930989000192,-25.4212384986,28.3353581578,2.7635804636176724,5.1483154308
1729956931989000192,-25.4212173343,28.3353097942,2.7281066166105656,5.0715789806
1729956932989000192,-25.4211979721,28.3352669627,2.712191323087213,4.7324523936
1729956933989000192,-25.421180873,28.3352217004,2.7144923293798304,4.3986358652
1729956934989000192,-25.4211658694,28.3351818025,2.722354100879024,4.0363311776
1729956935989000192,-25.4211527936,28.3351434134,2.7362560138954635,3.7086792
1729956936989000192,-25.421142442,28.3351089638,2.757636197362909,3.4113159187
1729956937989000192,-25.4211364489,28.3350766097,2.79128841438807,3.1660919196
1729956938989000192,-25.421125762,28.3350407351,2.7963698032839743,3.6732177742
1729956939989000192,-25.4211114289,28.3349932097,2.799533686937196,4.6819000255
1729956940989000192,-25.4210934497,28.3349520546,2.8151613546730987,4.8249664317
1729956941989000192,-25.4210843135,28.3349026013,2.88754717762107,4.7811431895
1729956942989000192,-25.4210778594,28.3348432575,2.9326085508468323,5.0728149425
1729956943989000192,-25.4210763507,28.3347774595,2.967315395757564,5.4076232922
1729956944988000000,-25.4210801225,28.3347129189,3.008637633758696,5.6001739514
1729956945988000000,-25.4210834753,28.3346472886,3.054082508032647,5.7527313245
1729956946988000000,-25.4210875405,28.3345868551,3.0992397565208925,5.6822967542
1729956947988000000,-25.4210952519,28.3345262539,3.143150626600347,5.61228943
1729956948988000000,-25.4211009935,28.3344643116,3.173255458925844,5.6051025403
1729956949988000000,-25.4211074475,28.3344050516,3.1888831266617466,5.5522766126
1729956950988000000,-25.4211200204,28.3343484737,3.204319043874429,5.5231018079
1729956951988000000,-25.4211297853,28.3342860285,3.2119890648486544,5.5662689221
1729956952988000000,-25.4211408494,28.3342239186,3.2324104956930126,5.550003053
1729956953988000000,-25.4211495666,28.3341631498,3.2494762923626745,5.5558471692
1729956954988000000,-25.4211642768,28.3340972681,3.2972221729292417,5.5650177014
1729956955988000000,-25.4211962119,28.3340406064,3.6418937404779625,5.4856872571
1729956956988000000,-25.4212394625,28.3340031393,3.981771544918229,5.6170654309
1729956957988000000,-25.4212929809,28.3339775745,4.215898935169322,5.9213104261
1729956958988000000,-25.4213460384,28.3339547757,4.237566744422471,5.9505004896
1729956959988000000,-25.4213972518,28.3339301329,4.18732810703832,5.8312377943
1729956960988000000,-25.4214386165,28.3338873852,4.025874165522649,5.5417938245
1729956961988000000,-25.4214722279,28.333834244,3.8272206222786633,5.4853210461
1729956962988000000,-25.4214985052,28.3337785881,3.6815860990221156,5.3317108166
1729956963988000000,-25.421512964,28.333720753,3.424640396371564,5.2958831799
1729956964988000000,-25.4215150595,28.333653614,3.1962655218502687,5.4717407239
1729956965988000000,-25.421503241,28.3335920908,2.926951910377774,5.7272796644
1729956966988000000,-25.4214923026,28.3335237783,2.8727823872440266,6.1044464125
1729956967988000000,-25.4214763351,28.3334608302,2.8239818787936333,6.2986907973
1729956968988000000,-25.4214551289,28.3333962057,2.7845771460351854,6.4975280776
1729956969988000000,-25.421428181,28.3333377,2.755143440545326,6.5513458267
1729956970988000000,-25.4214024067,28.3332740814,2.718231464604461,6.5666198745
1729956971988000000,-25.4213719804,28.3332171683,2.609988293599449,6.5149078384
1729956972988000000,-25.4213333398,28.333170062,2.4821865691089378,6.4524078384
1729956973987000064,-25.4212877003,28.3331250511,2.314308985026087,6.4916839614
1729956974987000064,-25.421236906,28.3330768552,2.291682423151595,6.5465087905
1729956975987000064,-25.4211916018,28.3330336046,2.2882309137126695,6.4745788589
1729956976987000064,-25.4211451661,28.3330014181,2.270398114946633,6.3240051284
1729956977987000064,-25.4210947489,28.3329711594,2.247579802547174,6.3105163588
1729956978987000064,-25.4210464273,28.332936123,2.23684177318221,6.3322143569
1729956979987000064,-25.420999321,28.3329080437,2.2201594775624818,6.2878417983
1729956980987000064,-25.4209513346,28.3328755219,2.2725073707142833,6.269561769
1729956981987000064,-25.4209267756,28.3328193631,2.5934977485046877,6.3855285659
1729956982987000064,-25.4209136579,28.3327579238,2.8457455633092663,6.5483856216
1729956983987000064,-25.4209007498,28.3326922097,2.957631994276425,6.7236633316
1729956984987000064,-25.4208898533,28.3326298483,2.963959761581122,6.7178192154
1729956985987000064,-25.4208614806,28.3325662297,2.7438301596072066,6.6777648941
1729956986987000064,-25.420820996,28.3325130884,2.4908153427062523,6.5617218032
1729956987987000064,-25.4207768234,28.332461875,2.401459598351102,6.5549469009
1729956988987000064,-25.420737638,28.3324165289,2.3783536601659394,6.4559936538
1729956989987000064,-25.4206983268,28.3323760443,2.3604249861374194,6.4266510024
1729956990987000064,-25.4206572555,28.3323316202,2.3467148236442004,6.463211061
1729956991987000064,-25.4206080956,28.3322888725,2.314021359240382,6.5612487808
1729956992987000064,-25.4205597321,28.3322491423,2.281807271147234,6.6752014175
1729956993987000064,-25.4205105722,28.3322124295,2.264645599216835,6.6626739517
1729956994987000064,-25.4204641784,28.3321712744,2.2750960027943496,6.4611969009
1729956995987000064,-25.4204243224,28.3321339749,2.2892855415964943,6.1721649184
1729956996987000064,-25.4203818262,28.3321051412,2.109231799216665,5.7334899915
1729956997987000064,-25.4203283077,28.3320930712,1.8124019874969948,5.6899261487
1729956998987000064,-25.4202700954,28.3321017046,1.5112577889795398,5.8228759779
1729956999987000064,-25.4202156549,28.3321179655,1.316343380961929,5.9395294203
1729957000987000064,-25.4201650282,28.3321398422,1.257475969980464,6.0025024428
1729957001987000064,-25.4201071512,28.332163563,1.2469296911404664,6.2266387953
1729957002987000064,-25.4200538423,28.3321864456,1.2646666146440197,6.2207641616
1729957003986000128,-25.419999779,28.3322021198,1.3313957971246775,5.9549865736
1729957004986000128,-25.4199470988,28.3322083224,1.4080960068704333,5.6960906995
1729957005986000128,-25.4199022975,28.3322115075,1.4429946023061313,5.351211549
1729957006986000128,-25.4198564904,28.3322124295,1.4616902784310264,5.0903320324
1729957007986000128,-25.419814036,28.3322133515,1.4593892721384094,4.9188995372
1729957008986000128,-25.4197670974,28.3322187159,1.434557579233784,5.0371856701
1729957009986000128,-25.4197243078,28.3322245833,1.4137526473394926,5.1978149426
1729957010986000128,-25.4196775367,28.3322338034,1.4143278989126469,5.2991943371
1729957011986000128,-25.419623683,28.3322495614,1.4143278989126469,5.3198089611
1729957012986000128,-25.4195731401,28.3322602902,1.4078083810847288,5.1877899182
1729957013986000128,-25.4195288418,28.3322759643,1.3754984177290979,4.9414367687
1729957014986000128,-25.4194850883,28.332289543,1.3317792981728651,4.803176881
1729957015986000128,-25.4194487108,28.332305301,1.2779932760873054,4.5655822764
1729957016986000128,-25.4194139259,28.3323207237,1.2325484018133552,4.3647918711
1729957017986000128,-25.4193778837,28.3323441092,1.180200508661554,4.4193573008
1729957018986000128,-25.4193420092,28.3323634714,1.1574780715245787,4.4831848154
1729957019986000128,-25.4193068052,28.3323819116,1.1726263629480653,4.5165863047
1729957020986000128,-25.4192662787,28.3323949036,1.301195089536697,4.5881652842
1729957021986000128,-25.4192217708,28.3323965799,1.5785622230333518,4.756515504
1729957022986000128,-25.4191773886,28.3323779721,1.8653251322219506,4.8226013194
1729957023986000128,-25.4191335931,28.3323561792,2.131283109519748,4.8677673351
1729957024986000128,-25.4191066453,28.3323109169,2.4577383772525003,4.8084106456
1729957025986000128,-25.4191002332,28.3322599549,2.8351992844692693,4.8118438731
1729957026986000128,-25.4191017,28.3322089929,3.111991166391024,4.9917144787
1729957027986000128,-25.4191093694,28.3321539238,3.2364372567050923,5.1702423107
1729957028986000128,-25.4191221938,28.332098268,3.269705972683811,5.3495941174
1729957029986000128,-25.4191277677,28.3320336435,3.257913315435021,5.6048278821
1729957030986000128,-25.4191289831,28.3319740482,3.2448742797774397,5.6905059827
1729957031986000128,-25.4191329226,28.3319175542,3.245449531350594,5.6031799329
1729957032984999936,-25.4191377841,28.3318663407,3.260118446465155,5.2354278576
1729957033984999936,-25.4191389995,28.3318076674,3.2127560669467754,5.2404022228
1729957034984999936,-25.4191379517,28.3317530174,3.140657869784508,5.3005523693
1729957035984999936,-25.4191316234,28.3316987865,3.042769227094528,5.3712615979
1729957036984999936,-25.4191186314,28.3316443041,2.927239536165223,5.3202819836
1729957037984999936,-25.4191023286,28.3315945994,2.881219410316374,5.2374572766
1729957038984999936,-25.4190860678,28.3315390274,2.848717696435776,5.3293914807
1729957039984999936,-25.4190680886,28.331487814,2.794739923826995,5.346878053
1729957040984999936,-25.419048894,28.3314366006,2.7740308671951874,5.5419921887
1729957041984999936,-25.4190342676,28.3313867282,2.8199551177815536,5.558898927
1729957042984999936,-25.41902576,28.3313322459,2.8846709197552993,5.6282653821
1729957043984999936,-25.4190216109,28.331273824,2.9931058412835316,5.7381896986
1729957044984999936,-25.4190237064,28.3312148992,3.1151550500442453,5.875167848
1729957045984999936,-25.4190348962,28.3311552201,3.246887660282607,5.9494781507
1729957046984999936,-25.4190483492,28.3310975526,3.3478443113615803,6.0954589857
1729957047984999936,-25.4190638976,28.3310330119,3.362896727524329,6.4310455337
1729957048984999936,-25.419074375,28.3309667949,3.3488030639846667,6.7414093033
1729957049984999936,-25.4190837208,28.3308991529,3.325697125797759,6.981521608
1729957050984999936,-25.4190908454,28.3308303375,3.2848542641072975,7.1289672868
1729957051984999936,-25.4190867802,28.3307627794,3.166160689524771,7.1465606706
1729957052984999936,-25.4190748779,28.3307000827,3.0239776757071497,6.8015594498
1729957053984999936,-25.419063269,28.3306358774,2.9972284775580946,6.7544403091
1729957054984999936,-25.4190540489,28.3305723425,3.005761375892926,6.6328735367
1729957055984999936,-25.4190509476,28.330510987,3.0607937763855313,6.4122009292
1729957056984999936,-25.41904332,28.3304533195,3.0463166117959366,6.1769561781
1729957057984999936,-25.4190365307,28.3303958196,3.0311683203707047,5.9443359388
1729957058984999936,-25.4190219462,28.3303496354,2.882561663987649,5.248779298
1729957059984999936,-25.4189944955,28.3303101566,2.5888957359194538,4.6166534434
1729957060984999936,-25.4189561902,28.3302767966,2.313446107667228,4.5529632578
1729957061984000000,-25.4189001571,28.3302505613,2.0514190161207715,5.253051759
1729957062984000000,-25.4188471416,28.3302401677,1.943463470901465,5.5780792249
1729957063984000000,-25.4187934555,28.3302206379,1.9488324855848196,5.8144836439
1729957064984000000,-25.4187448824,28.3301791474,2.21143482870443,6.2142639174
1729957065984000000,-25.4187099298,28.3301244974,2.483816448567663,6.3680419936
1729957066984000000,-25.4186818086,28.3300643154,2.606536784162269,6.5071563735
1729957067984000000,-25.4186582135,28.3300033789,2.679689609206616,6.6169586197
1729957068984000000,-25.4186365882,28.329942694,2.7184232151294268,6.7153625503
1729957069984000000,-25.4186143342,28.3298746329,2.7515001805831787,6.9629974381
1729957070984000000,-25.4185962712,28.3298024647,2.797040930119613,7.1600646989
1729957071984000000,-25.4185855424,28.329732392,2.884862670280265,7.2097473161
1729957072984000000,-25.4185855843,28.3296603076,3.012280893720843,7.1823272721
1729957073984000000,-25.4185922479,28.3295862116,3.1287693372732357,7.2080230729
1729957074984000000,-25.4186049884,28.3295022249,3.192238760838189,7.4422760027
1729957075984000000,-25.4186159687,28.3294261173,3.2161117011232174,7.4362792986
1729957076984000000,-25.4186189862,28.3293480817,3.1919511350524847,7.4247131364
1729957077984000000,-25.41861907,28.3292659391,3.1491907681193387,7.6293792742
1729957078984000000,-25.418611652,28.329187233,3.0973222512782086,7.7769927996
1729957079984000000,-25.4186057009,28.3291093651,3.066258666329624,7.8487396258
1729957080984000000,-25.4186007136,28.3290278092,3.055712387489627,7.9904785174
1729957081984000000,-25.418592667,28.3289450798,3.0547536348682844,8.1880188007
1729957082984000000,-25.4185879312,28.3288601712,3.0696143005060663,8.3274230976
1729957083984000000,-25.4185841175,28.3287786152,3.081119331969152,8.3867492695
1729957084984000000,-25.4185799684,28.3286952153,3.0840914650956606,8.4490814228
1729957085984000000,-25.4185782082,28.3286111448,3.0923367376447866,8.4486084004
1729957086984000000,-25.4185752327,28.3285264038,3.09828100389955,8.3941040058
1729957087984000000,-25.4185687786,28.3284470272,3.0862007208650564,8.2482910175
1729957088984000000,-25.4185613606,28.3283649683,3.062615406367478,8.2010040302
1729957089984000000,-25.4185498774,28.3282837477,3.030976569847484,8.1183929462
1729957090983000064,-25.418536173,28.3282070533,3.001926365405812,7.9767608661
1729957091983000064,-25.4185255699,28.3281285987,3.0037479953860124,7.968444826
1729957092983000064,-25.418521337,28.3280446958,3.0901316066146527,8.0622100848
1729957093983000064,-25.4185253603,28.3279683367,3.188691376138525,8.037750246
1729957094983000064,-25.4185357958,28.3278928157,3.2824573825539423,8.0121917743
1729957095983000064,-25.4185518472,28.3278098349,3.3297238868098384,8.0341949481
1729957096983000064,-25.4185673537,28.3277275246,3.345543305070708,8.0922088641
1729957097983000064,-25.4185841175,28.3276513331,3.357911213890907,7.9074554461
1729957098983000064,-25.4186029768,28.327569861,3.3701832474503672,7.7076568621
1729957099983000064,-25.4186212074,28.3274961841,3.3659647359150657,7.3628082292
1729957100983000064,-25.4186282901,28.32742301,3.2649122095736103,7.016174318
1729957101983000064,-25.4186165554,28.3273590561,2.947756842272064,6.6612396255
1729957102983000064,-25.4185892724,28.3272971139,2.79128841438807,6.8024597183
1729957103983000064,-25.4185553676,28.3272304777,2.724559231909157,7.1237030045
1729957104983000064,-25.4185251927,28.327162249,2.6970430316619822,7.3236236589
1729957105983000064,-25.4184994603,28.3270999715,2.6963719048263437,7.3925323503
1729957106983000064,-25.4184798466,28.3270294797,2.798574934314108,7.4597015398
1729957107983000064,-25.4184707941,28.3269538749,2.924267403036969,7.5583953875
1729957108983000064,-25.4184691178,28.3268775158,3.0561917638002973,7.5430755632
1729957109983000064,-25.4184710037,28.3268032521,3.159737046959337,7.5304718035
1729957110983000064,-25.4184833251,28.3267294076,3.254078304947908,7.6114196795
1729957111983000064,-25.4185013881,28.3266540543,3.3363392799002405,7.6753082293
1729957112983000064,-25.4185206665,28.3265890107,3.365485359604395,7.6007995623
1729957113983000064,-25.4185303057,28.3265176807,3.297605673979174,7.6168823259
1729957114983000064,-25.4185295932,28.3264375497,3.172967833140139,7.7901000994
1729957115983000064,-25.418524606,28.3263590113,3.0942542428874704,7.9953002948
1729957116983000064,-25.4185160983,28.326278545,3.048329992301104,8.171936037
1729957117983000064,-25.4185080517,28.3261978273,3.0384548402967444,8.1590271015
1729957118983000064,-25.4185001727,28.326121971,3.06597104054392,8.0094757098
1729957119983000064,-25.4184980772,28.3260450252,3.126564206243102,7.9022521991
1729957120982000128,-25.4184998374,28.3259653971,3.160791674843162,7.8939209002
1729957121982000128,-25.4185012205,28.3258844279,3.1703792010618175,8.0421905536
1729957122982000128,-25.4185007175,28.3258081526,3.1507247723138354,8.1204376239
1729957123982000128,-25.4184982449,28.3257309553,3.1152509253049825,8.2299041767
1729957124982000128,-25.4184919585,28.3256510757,3.0845708414063315,8.3299407978
1729957125982000128,-25.4184837861,28.3255721182,3.0735451862556626,8.3585968037
1729957126982000128,-25.4184808105,28.3254906461,3.075654442023313,8.204345705
1729957127982000128,-25.4184746917,28.3254088387,3.0729699346825083,8.0832366962
1729957128982000128,-25.4184689082,28.3253303003,3.074983315189421,7.9181823748
1729957129982000128,-25.4184656393,28.3252464813,3.078626575151568,7.6914367693
1729957130982000128,-25.418460233,28.325169703,3.0745998141394884,7.4221191423
1729957131982000128,-25.4184552038,28.325101642,3.08226983511546,7.1240539567
1729957132982000128,-25.4184628313,28.3250355087,3.2632823301166307,6.8817138687
1729957133982000128,-25.4184749013,28.3249713872,3.323204368981921,6.6715850845
1729957134982000128,-25.4184950178,28.3249081876,3.419750758000626,6.6976318374
1729957135982000128,-25.4185232649,28.3248486761,3.5621255223414687,6.681533815
1729957136982000128,-25.4185600614,28.3247940261,3.6940498831065427,6.809066774
1729957137982000128,-25.4186007136,28.3247437347,3.7973075404781325,7.0027465836
1729957138982000128,-25.4186448444,28.3246874921,3.826165994394838,7.1377258317
1729957139982000128,-25.4186893523,28.3246328421,3.809675449298331,7.1725463883
1729957140982000128,-25.4187314713,28.3245754261,3.78378912850988,7.2189178483
1729957141982000128,-25.4187669268,28.3245171719,3.7665315813169977,7.2069244401
1729957142982000128,-25.4188056093,28.3244650364,3.8488884315318126,7.0800018327
1729957143982000128,-25.4188592954,28.3244289942,4.10957326940874,6.9632110611
1729957144982000128,-25.4189158313,28.3244036809,4.240634752813209,6.7587738052
1729957145982000128,-25.4189733731,28.3243807145,4.273040591431323,6.60195923
1729957146982000128,-25.4190194316,28.3243414033,4.061827388840427,6.3867797866
1729957147982000128,-25.4190566054,28.3242912796,3.772667598096728,6.2244110121
1729957148982000128,-25.4190721119,28.3242239729,3.4464999561496805,6.3681793227
1729957149982000128,-25.4190818768,28.3241536487,3.3438175503512455,6.8154144302
1729957150980999936,-25.4190969642,28.3240930476,3.371525501121642,6.8215332047
1729957151980999936,-25.4191159073,28.3240273334,3.442473195137601,6.8989715592
1729957152980999936,-25.4191424361,28.3239602782,3.493287084094906,7.0534362809
1729957153980999936,-25.4191692162,28.3238946479,3.510352880762822,7.1584472672
1729957154980999936,-25.4191913445,28.3238242399,3.4799604226516205,7.2728424089
1729957155980999936,-25.4192038754,28.3237537481,3.373922382676743,7.347991945
1729957156980999936,-25.4192122992,28.3236802388,3.269226596371395,7.3760223405
1729957157980999936,-25.4192110838,28.3236019518,3.1540804064902774,7.4910583513
1729957158980999936,-25.4192057194,28.3235223238,3.0969387502282753,7.681045534
1729957159980999936,-25.4191961221,28.3234471381,3.075079190451904,7.7104034441
1729957160980999936,-25.419187866,28.323363822,3.0635741589888195,7.853210451
1729957161980999936,-25.4191780591,28.3232848645,3.0501516222830505,7.8711700457
1729957162980999936,-25.419168881,28.3232055716,3.0527402543631172,7.6987762469
1729957163980999936,-25.4191728624,28.3231315594,3.2159199505982516,7.2816467302
1729957164980999936,-25.4191907996,28.3230657615,3.4372959309792126,6.9671325699
1729957165980999936,-25.4192234052,28.32300625,3.667013059170038,6.8776397721
1729957166980999936,-25.4192693381,28.3229563777,3.9080434682989824,6.8440551773
1729957167980999936,-25.4193193361,28.322913127,4.019067021907281,6.8123779312
1729957168980999936,-25.4193700466,28.3228693735,4.024819537638824,6.8231201187
1729957169980999936,-25.4194151413,28.3228206747,3.947064700007498,6.8756561295
1729957170980999936,-25.4194564641,28.3227638453,3.8545450720008723,7.0022583024
1729957171980999936,-25.4194925062,28.3227087762,3.811976455590948,7.0729827897
1729957172980999936,-25.4195275007,28.3226448223,3.7471647783564648,7.0886383073
1729957173980999936,-25.4195562087,28.3225800302,3.6418937404779625,7.1190032975
1729957174980999936,-25.4195757804,28.3225097899,3.5272269269075163,7.1170501725
1729957175980999936,-25.4195853777,28.3224297427,3.389454175150162,7.2356872575
1729957176980999936,-25.4195882276,28.3223477677,3.296455170832866,7.2324981706
1729957177980999936,-25.4195914965,28.3222740069,3.2501474191983117,6.9478302018
1729957178980000000,-25.4195941368,28.32220494,3.284566638321593,6.6175994888
1729957179980000000,-25.4196203303,28.3221483622,3.5748769322116005,6.2314147963
1729957180980000000,-25.4196578812,28.3221026808,3.834986518515373,5.6984863294
1729957181980000000,-25.4196997488,28.3220685665,4.0551161204875426,5.3853912366
1729957182980000000,-25.4197404429,28.3220430017,4.14188323276437,5.047317506
1729957183980000000,-25.4197818914,28.322022466,4.280327111357362,4.5925903331
1729957184980000000,-25.4198164668,28.3220106475,4.3437965349223155,3.9061889657
1729957185980000000,-25.4198462645,28.3219999187,4.35022017748775,3.4624328621
1729957186980000000,-25.419876565,28.3219875135,4.346193416477416,3.1867370612
1729957187980000000,-25.4199086258,28.3219812271,4.309281440536551,2.8810882575
1729957188980000000,-25.4199319275,28.3219574224,4.042556461142378,2.6837158209
1729957189980000000,-25.419943285,28.3219243139,3.720415580205665,2.4165496831
1729957190980000000,-25.4199435364,28.3218907863,3.4021097097578106,2.479278565
1729957191980000000,-25.4199396389,28.3218615335,3.2440114024185815,2.871429444
1729957192980000000,-25.419944668,28.3218346276,3.308918954915548,2.7746276861
1729957193980000000,-25.4199653294,28.3218093142,3.6767923359136603,2.786285401
1729957194980000000,-25.4199958814,28.3217926342,4.127693693960481,3.1201019294
1729957195980000000,-25.4200310854,28.3217951488,4.4715982594128265,3.4049072273
1729957196980000000,-25.4200686783,28.3217926342,4.554817986988247,3.5433654793
1729957197980000000,-25.4201043852,28.3217801452,4.550695350713683,3.6898345955
1729957198980000000,-25.4201411398,28.3217702545,4.538710942939927,3.8157043465
1729957199980000000,-25.4201777687,28.3217600286,4.525288406234157,3.9986114511
1729957200980000000,-25.4202102905,28.3217513953,4.521836896796977,4.1006469736
1729957201980000000,-25.4202470033,28.3217433486,4.531136797228183,4.2441101084
1729957202980000000,-25.4202884937,28.3217314463,4.530945046703216,4.4511413584
1729957203980000000,-25.4203282239,28.3217254952,4.538135691366771,4.5333404551
1729957204980000000,-25.4203697562,28.3217190411,4.545518086555295,4.5207061778
1729957205980000000,-25.4204106599,28.3217125032,4.547243841274757,4.4481506358
1729957206980000000,-25.4204501387,28.3217047919,4.539190319252344,4.3467865
1729957207979000064,-25.4204872705,28.3216989246,4.534684181929593,3.9682464608
1729957208979000064,-25.4205210915,28.3216845915,4.470256005741552,3.7663574227
1729957209979000064,-25.4205529427,28.3216762096,4.508126734303759,3.3174133308
1729957210979000064,-25.4205787171,28.3216665704,4.520974019436373,3.1253204352
1729957211979000064,-25.4206053296,28.3216550034,4.4633529868637005,3.0851745612
1729957212979000064,-25.4206262006,28.321651483,4.506784480634228,2.5502777105
1729957213979000064,-25.4206298467,28.3216509801,4.508126734303759,1.2346038821
1729957214979000064,-25.4206238955,28.3216500581,4.508126734303759,0.1653900146
1729957215979000064,-25.4206215067,28.3216524888,4.508126734303759,0.1667175293
1729957216979000064,-25.4206176091,28.3216549196,4.508126734303759,0.0593414306
1729957217979000064,-25.4206153041,28.3216555063,4.508126734303759,0.0204620361
1729957218979000064,-25.4206146335,28.3216562607,4.508126734303759,0.0342559814
1729957219979000064,-25.420613502,28.3216550872,4.508126734303759,0.0541839599
1729957220979000064,-25.4206122447,28.3216529917,4.508126734303759,0.0893402099
1729957221979000064,-25.4206091015,28.321654249,4.508126734303759,0.0437927246
1729957222979000064,-25.4206095625,28.3216538299,4.508126734303759,0.1016998291
1729957223979000064,-25.4206089757,28.3216537461,4.508126734303759,0.0913696289
1729957224979000064,-25.4206098558,28.3216535785,4.508126734303759,0.1139984131
1729957225979000064,-25.4206102749,28.3216522374,4.508126734303759,0.1503753662
1729957226979000064,-25.4206088919,28.3216508962,4.508126734303759,0.1271820068
1729957227979000064,-25.4206077185,28.3216557578,4.508126734303759,0.0352935791
1729957228979000064,-25.4206075089,28.3216556739,4.508126734303759,0.0518798828
1729957229979000064,-25.4206092691,28.3216565121,4.508126734303759,0.0751037597
1729957230979000064,-25.4206097301,28.3216554225,4.508126734303759,0.0486755371
1729957231979000064,-25.4206107359,28.3216538299,4.508126734303759,0.046508789
1729957232979000064,-25.4206107778,28.321653327,4.508126734303759,0.0375518798
1729957233979000064,-25.4206101911,28.3216521535,4.508126734303759,0.0317840576
1729957234979000064,-25.4206095625,28.3216516506,4.508126734303759,0.0732421875
1729957235979000064,-25.4206095625,28.3216511477,4.508126734303759,0.0267028808
1729957236977999872,-25.4206097301,28.3216513153,4.508126734303759,0.0356140136
1729957237977999872,-25.4206091434,28.3216522374,4.508126734303759,0.0241394043
1729957238977999872,-25.4206091015,28.3216519021,4.508126734303759,0.0119171142
1729957239977999872,-25.4206091015,28.3216519859,4.508126734303759,0.0
1729957240977999872,-25.4206083052,28.3216516506,4.508126734303759,0.0159606933
1729957241977999872,-25.4206088919,28.3216509801,4.508126734303759,0.0389404296
1729957242977999872,-25.4206097301,28.3216519021,4.508126734303759,0.0084838867
1729957243977999872,-25.4206103168,28.3216517344,4.508126734303759,0.0572509765
1729957244977999872,-25.4206137115,28.3216499742,4.508126734303759,0.260925293
1729957245977999872,-25.4206134601,28.3216499742,4.508126734303759,0.2348480225
1729957246977999872,-25.4206157651,28.3216503933,4.508126734303759,0.3218078614
1729957247977999872,-25.4206202913,28.3216517344,4.508126734303759,0.5503997804
1729957248977999872,-25.4206319422,28.3216519021,4.508126734303759,1.3514709475
1729957249977999872,-25.4206599377,28.3216521535,4.68808460142285,2.9221344
1729957250977999872,-25.4207020149,28.3216480464,4.671306430540638,4.6298522959
1729957251977999872,-25.420745475,28.3216402512,4.646378862371784,5.0052337658
1729957252977999872,-25.4207884323,28.3216310311,4.6246151778561515,5.4270629895
1729957253977999872,-25.420836251,28.3216230683,4.613781273230448,6.0844573988
1729957254977999872,-25.4208840279,28.3216130939,4.600646362310385,6.1197052016
1729957255977999872,-25.4209317628,28.3216025327,4.591825838189848,6.068893434
1729957256977999872,-25.4209790787,28.3215927258,4.581758935660522,5.9845733656
1729957257977999872,-25.421029412,28.321579231,4.561049879028714,5.9552917494
1729957258977999872,-25.4210787814,28.3215663228,4.545038710244623,6.0003356947
1729957259977999872,-25.4211294081,28.3215554264,4.541683076068181,6.0386505141
1729957260977999872,-25.4211822141,28.3215432726,4.538710942939927,5.9253387464
1729957261977999872,-25.4212276859,28.3215346392,4.537943940843551,5.627548219
1729957262977999872,-25.4212760914,28.3215267603,4.537943940843551,5.4382781995
1729957263977999872,-25.4213228205,28.3215130978,4.528068788837445,5.2933654797
1729957264977999872,-25.4213710584,28.3214979265,4.515317378967314,5.1912841808
1729957265977999872,-25.4214164883,28.3214874491,4.509277237450068,5.058166505
1729957266976999936,-25.4214575177,28.3214769718,4.511098867432013,4.8703308116
1729957267976999936,-25.4214971222,28.321468506,4.519727641027581,4.6811523448
1729957268976999936,-25.4215378163,28.3214596212,4.524521404137783,4.5474700938
1729957269976999936,-25.4215758283,28.3214498982,4.523466776253957,4.2157287607
1729957270976999936,-25.4216096073,28.3214447014,4.529219291983754,3.656021119
1729957271976999936,-25.4216404527,28.3214392532,4.535642934550935,3.2763671882
1729957272976999936,-25.421670418,28.3214381635,4.5543386106758295,2.8414916998
1729957273976999936,-25.4217000481,28.3214325477,4.552037604383212,2.4695587163
1729957274976999936,-25.4217312707,28.3214245849,4.546668589701603,2.1960449223
1729957275976999936,-25.4217625352,28.3214177955,4.547339716537241,2.0301666264
1729957276976999936,-25.4217903631,28.32141109,4.537752190318584,1.978469849
1729957277976999936,-25.4218249803,28.3214064799,4.545518086555295,2.1029968266
1729957278976999936,-25.4218665546,28.3213977628,4.546572714439121,2.3320922856
1729957279976999936,-25.4219005851,28.3213860281,4.525288406234157,2.3741302495
1729957280976999936,-25.4219364177,28.3213738743,4.505729852750403,2.3904266362
1729957281976999936,-25.4219754774,28.3213630617,4.502757719622149,2.4610137945
1729957282976999936,-25.4220161296,28.3213551827,4.5165637573761055,2.5366363531
1729957283976999936,-25.4220693966,28.3213440348,4.5236585267771785,2.8508605963
1729957284976999936,-25.4221149104,28.3213347309,4.526055408332278,2.9990539557
1729957285976999936,-25.4221593345,28.3213207331,4.511194742694496,3.1989593513
1729957286976999936,-25.4222009925,28.3213075735,4.495567074958593,3.3112640388
1729957287976999936,-25.4222400103,28.3212967608,4.4883764302950375,3.24824524
1729957288976999936,-25.422280453,28.3212853614,4.484829045593629,3.3351898201
1729957289976999936,-25.4223227816,28.3212756384,4.497101079153089,3.4840240486
1729957290976999936,-25.4223604582,28.3212664183,4.5069762311574495,3.4858551033
1729957291976999936,-25.4223977996,28.3212617245,4.524137903089595,3.5229492195
1729957292976999936,-25.4224369431,28.3212574497,4.542066577116369,3.5634155281
1729957293976999936,-25.4224761285,28.321248062,4.541491325543214,3.6680145272
1729957294976999936,-25.4225145595,28.3212416079,4.543600581312611,3.7550659188
1729957295976000000,-25.4225591093,28.3212316334,4.5399573213487185,4.0485839853
1729957296976000000,-25.4226015637,28.3212256823,4.554817986988247,4.3821105967
1729957297976000000,-25.4226442695,28.3212179709,4.569486902101062,4.6258850108
1729957298976000000,-25.4226837482,28.3212132771,4.592113463977299,4.3599395762
1729957299976000000,-25.4227230174,28.3212089185,4.612439019559173,4.1530303964
1729957300976000000,-25.4227572994,28.3212050628,4.6201090405334,3.8857421884
1729957301976000000,-25.4227872228,28.3212036379,4.620588416845817,3.6634368905
1729957302976000000,-25.4228162661,28.3211996146,4.587990827702735,3.6486053475
1729957303976000000,-25.4228444293,28.3211965133,4.554434485938313,3.8418731698
1729957304976000000,-25.4228738498,28.3211847786,4.516947258424293,3.9909210214
1729957305976000000,-25.4229000852,28.3211720381,4.487321802411213,3.9708709726
1729957306976000000,-25.4229285836,28.3211566992,4.464119988961821,3.8980255136
1729957307976000000,-25.4229560763,28.3211465571,4.464215864224304,3.8562011727
1729957308976000000,-25.4229841976,28.3211396002,4.482240413515307,3.6567535408
1729957309976000000,-25.4229964351,28.3211330623,4.482240413515307,2.8721771246
1729957310976000000,-25.4230064515,28.3211301286,4.494895948122956,1.9600830082
1729957311976000000,-25.4230087146,28.321129458,4.490102185014501,1.2084503176
1729957312976000000,-25.4230049847,28.3211292904,4.490102185014501,0.8253326417
1729957313976000000,-25.4230044398,28.3211255186,4.490102185014501,0.8215484621
1729957314976000000,-25.4230033083,28.3211241775,4.490102185014501,0.7749481202
1729957315976000000,-25.4230056552,28.3211213276,4.490102185014501,0.8071441652
1729957316976000000,-25.423008086,28.3211229202,4.490102185014501,0.819458008
1729957317976000000,-25.4230111035,28.3211266082,4.490102185014501,0.8269653322
1729957318976000000,-25.4230101395,28.3211272788,4.490102185014501,0.7969512941
1729957319976000000,-25.4230022186,28.321131805,4.490102185014501,0.8217163087
1729957320976000000,-25.4230052361,28.3211340681,4.490102185014501,0.753768921
1729957321976000000,-25.4229968961,28.3211288713,4.490102185014501,0.5013732911
1729957322976000000,-25.4229996622,28.3211337328,4.490102185014501,0.3005828858
1729957323976000000,-25.4229992431,28.3211350739,4.490102185014501,0.0459594726
1729957324974999808,-25.4229990754,28.3211329784,4.490102185014501,0.0687408447
1729957325974999808,-25.4229977343,28.3211324755,4.490102185014501,0.0