ROS Timestamp,Latitude,Longitude,speed (m/s),PSIS (Yaw Angle)
1732629380906168497,-25.4116778,28.3406543,0.02,-0.643027527467444
1732629381144844893,-25.4116778,28.3406543,0.03,-0.6269867628140733
1732629381403376435,-25.4116778,28.3406543,0.02,-0.6296336454867419
1732629381646150787,-25.4116778,28.3406544,0.04,-0.6206433155037496
1732629381905902133,-25.4116779,28.3406543,0.03,-0.6048259657116049
1732629382145729022,-25.4116781,28.3406546,0.38,-0.601290837647658
1732629382406044895,-25.4116787,28.3406554,0.72,-0.5919184575846081
1732629382644520689,-25.4116811,28.3406588,1.23,-0.5803836079619953
1732629382905502653,-25.4116824,28.3406606,1.08,-0.5698195754956599
1732629383145233738,-25.4116835,28.3406623,1.04,-0.561014174522164
1732629383405796035,-25.4116845,28.3406642,1.17,-0.5610141782022255
1732629383641873982,-25.4116867,28.3406679,1.19,-0.5584286335270119
1732629383905394878,-25.411688,28.3406698,1.19,-0.5555201489341512
1732629384144766902,-25.4116891,28.3406719,1.25,-0.5680493660294683
1732629384406131927,-25.4116902,28.340674,1.24,-0.5759885390479149
1732629384644361137,-25.4116926,28.340678,1.16,-0.5770535485758392
1732629384905813487,-25.4116937,28.3406801,1.23,-0.5790217872731174
1732629385144659607,-25.4116949,28.3406821,1.21,-0.578342216158398
1732629385406421708,-25.411696,28.3406841,1.18,-0.5783422204897817
1732629385644453229,-25.4116982,28.3406882,1.15,-0.5843435121465728
1732629385905332957,-25.4116992,28.3406901,1.11,-0.5836992997924466
1732629386144334784,-25.4117003,28.340692,1.17,-0.5627584110995181
1732629386405132402,-25.4117014,28.3406937,0.96,-0.5510834470579429
1732629386644883359,-25.4117038,28.3406974,1.26,-0.5358007361060637
1732629386902310199,-25.4117051,28.3406994,1.19,-0.522360580909973
1732629387144555096,-25.4117063,28.3407013,1.19,-0.5086584861743622
1732629387406329166,-25.4117074,28.3407033,1.17,-0.505570945389509
1732629387644147605,-25.4117097,28.3407072,1.15,-0.4940465238227856
1732629387900940256,-25.4117108,28.3407092,1.22,-0.48947418692998657
1732629388144095430,-25.411712,28.3407113,1.29,-0.48395463507583125
1732629388404375017,-25.4117131,28.3407134,1.2,-0.48564834604484464
1732629388643757025,-25.411715,28.3407178,1.23,-0.5000513458381066
1732629388903952582,-25.411716,28.34072,1.25,-0.5055709525979362
1732629389143726546,-25.4117171,28.3407222,1.21,-0.505570946118024
1732629389404900506,-25.4117181,28.3407244,1.25,-0.5034391951779709
1732629389643273648,-25.4117201,28.3407287,1.26,-0.49660651675533884
1732629389904331195,-25.4117212,28.3407309,1.24,-0.4954260803879209
1732629390141257053,-25.4117223,28.3407331,1.23,-0.48719132524802156
1732629390144011562,-25.4117223,28.3407331,1.23,-0.49117545111061656
1732629390403621954,-25.4117233,28.3407351,1.14,-0.4858797745139216
1732629390642636613,-25.4117254,28.3407392,1.09,-0.47723093363679014
1732629390903022468,-25.4117264,28.3407409,0.97,-0.4719860118245012
1732629391140745903,-25.4117273,28.3407426,0.96,-0.4691305714975784
1732629391142857807,-25.4117273,28.3407426,0.96,-0.4749702122511965
1732629391404262192,-25.411728,28.3407443,0.9,-0.48828893390851613
1732629391642290353,-25.4117294,28.3407477,0.93,-0.5032007296192913
1732629391647851530,-25.4117294,28.3407477,0.93,-0.5011921841280054
1732629391902263550,-25.4117301,28.3407494,0.94,-0.5189926580325568
1732629392142250820,-25.4117309,28.3407509,0.85,-0.5232354921229776
1732629392403760738,-25.4117316,28.3407525,0.88,-0.535819243970979
1732629392642690088,-25.4117332,28.3407559,1.08,-0.5502159639602744
1732629392902380413,-25.4117341,28.3407576,0.95,-0.555469602220414
1732629393142050701,-25.4117349,28.3407592,0.92,-0.5667366347929588
1732629393400902811,-25.4117358,28.3407609,1.04,-0.5811155639621006
1732629393642561455,-25.4117375,28.3407641,0.94,-0.6151885305242271
1732629393902077929,-25.4117383,28.3407656,0.81,-0.6297519628005515
1732629394142492419,-25.411739,28.3407671,0.86,-0.6770518413548472
1732629394400562953,-25.4117398,28.3407682,0.53,-0.7083693634114496
1732629394643326908,-25.4117408,28.3407699,0.42,-0.737670534558772
1732629394902223945,-25.4117412,28.3407704,0.23,-0.7345659254287185
1732629395142108883,-25.4117414,28.3407707,0.09,-0.7405043517108569
1732629395401147036,-25.4117415,28.3407708,0.09,-0.7421314234833862
1732629395642684660,-25.4117422,28.3407719,0.48,-0.7647331052013131
1732629395901887192,-25.4117428,28.3407727,0.52,-0.7695146152049386
1732629396141746466,-25.4117435,28.3407735,0.59,-0.7653679091164336
1732629396146264314,-25.4117435,28.3407735,0.59,-0.76473311898748
1732629396402130435,-25.4117443,28.3407744,0.67,-0.7638173448543348
1732629396640280801,-25.4117463,28.3407766,0.93,-0.7550368685612763
1732629396644389637,-25.4117463,28.3407766,0.93,-0.7345659877521875
1732629396902809313,-25.4117474,28.340778,0.85,-0.7364232389020193
1732629397142292759,-25.4117485,28.3407793,0.96,-0.7230531989614013
1732629397403117803,-25.4117497,28.3407807,1.03,-0.7202399173990948
1732629397640806999,-25.4117526,28.3407839,1.15,-0.6977204195968447
1732629397646107287,-25.4117526,28.3407839,1.15,-0.7134606200628264
1732629397901576812,-25.411754,28.3407856,1.06,-0.7203651330618586
1732629398142111810,-25.4117552,28.340787,0.96,-0.7307323729154032
1732629398146521310,-25.4117552,28.340787,0.96,-0.7408092913312192
1732629398402145038,-25.4117565,28.3407886,1.1,-0.7421314852461505
1732629398641556742,-25.4117587,28.3407918,0.8,-0.7821709172498141
1732629398647768971,-25.4117587,28.3407918,0.8,-0.7941470811411038
1732629398899745193,-25.4117595,28.3407931,0.79,-0.8185001444147519
1732629399141815954,-25.4117604,28.3407942,0.71,-0.8304362618247669
1732629399145762043,-25.4117604,28.3407942,0.71,-0.8411867588131079
1732629399401826526,-25.4117612,28.3407949,0.52,-0.8361901254710404
1732629399642087005,-25.4117628,28.3407967,0.54,-0.8361901295886112
1732629399901938286,-25.4117637,28.3407975,0.71,-0.803703984814164
1732629400140590782,-25.4117647,28.3407985,0.81,-0.8003626233790317
1732629400145120789,-25.4117647,28.3407985,0.81,-0.7955305223136433
1732629400402508017,-25.4117657,28.3407996,0.78,-0.8056949511841944
1732629400641894730,-25.4117678,28.3408017,0.82,-0.7988254676940634
1732629400648625535,-25.4117678,28.3408017,0.82,-0.8173857369734154
1732629400898309411,-25.411769,28.3408029,0.96,-0.852880254527471
1732629401140449577,-25.4117704,28.3408041,1.09,-0.8455662536390705
1732629401145045823,-25.4117704,28.3408041,1.09,-0.8528802601487366
1732629401401863564,-25.4117717,28.3408056,0.93,-0.8825042405327967
1732629401641013900,-25.4117741,28.3408086,0.94,-0.9284841116243134
1732629401647636229,-25.4117741,28.3408086,0.94,-0.9450646215468885
1732629401900063670,-25.4117753,28.34081,1.03,-0.9971547432236707
1732629402139226582,-25.4117768,28.3408114,1.05,-1.0144237284327615
1732629402145224418,-25.4117768,28.3408114,1.05,-1.0192352225483905
1732629402401124330,-25.4117782,28.3408125,0.91,-1.0272320859375315
1732629402641361066,-25.4117811,28.3408146,0.93,-1.036645180847843
1732629402647690092,-25.4117811,28.3408146,0.93,-1.0357204569604659
1732629402902152992,-25.4117825,28.3408158,1.03,-1.02878670609193
1732629403137923462,-25.411784,28.3408168,0.87,-1.028786704894602
1732629403144393731,-25.411784,28.3408168,0.87,-1.0321160853471953
1732629403401256623,-25.4117856,28.3408178,1.11,-1.0156997106721168
1732629403640976447,-25.411789,28.3408198,0.91,-0.9941836823827863
1732629403647311296,-25.411789,28.3408198,0.91,-0.9963025222858528
1732629403902326243,-25.4117906,28.3408208,1.11,-0.9826830444981733
1732629404139320677,-25.4117924,28.340822,1.14,-0.9765580963349629
1732629404143266766,-25.4117924,28.340822,1.14,-0.9805186155395997
1732629404401348310,-25.4117939,28.340823,0.89,-0.9803854526434046
1732629404641326462,-25.411796,28.3408248,0.66,-0.991724361841094
1732629404647254059,-25.411796,28.3408248,0.66,-0.996023437102687
1732629404900378824,-25.4117973,28.3408256,1.05,-0.9967421154661151
1732629405141171607,-25.411799,28.340827,1.22,-1.0044411769798969
1732629405145120256,-25.411799,28.340827,1.22,-1.0061977114288347
1732629405401307297,-25.411801,28.3408284,1.38,-1.0086841884245543
1732629405641823609,-25.4118055,28.3408318,1.52,-1.0246669310719607
1732629405647515405,-25.4118055,28.3408318,1.52,-1.0326384795704477
1732629405901367156,-25.4118075,28.3408332,1.16,-1.0346219232332983
1732629406140031044,-25.4118094,28.3408345,1.27,-1.0381425608353219
1732629406144768437,-25.4118094,28.3408345,1.27,-1.0485712935356872
1732629406401299915,-25.4118112,28.3408357,1.14,-1.040497820023882
1732629406639867678,-25.4118142,28.3408377,0.84,-1.0447198365806356
1732629406645625649,-25.4118142,28.3408377,0.84,-1.0309141544998282
1732629406900872493,-25.4118154,28.3408385,0.65,-1.0436483171379476
1732629407140592542,-25.4118162,28.340839,0.41,-1.0428223672691663
1732629407145284976,-25.4118162,28.340839,0.41,-1.048289287892631
1732629407397557639,-25.411817,28.3408394,0.54,-1.0342947151617832
1732629407640272317,-25.4118189,28.3408407,0.95,-1.0366036304485085
1732629407646780121,-25.4118189,28.3408407,0.95,-1.0343996520502077
1732629407900724221,-25.4118207,28.3408417,1.23,-1.0435580387320469
1732629408140097752,-25.4118226,28.3408431,1.29,-1.0584837126416389
1732629408146034149,-25.4118226,28.3408431,1.29,-1.0584837126416389
1732629408399660659,-25.4118246,28.3408446,1.38,-1.0788224059782707
1732629408638650585,-25.4118289,28.3408472,1.4,-1.0820194163633108
1732629408645449869,-25.4118289,28.3408472,1.4,-1.070488770540058
1732629408902263930,-25.4118311,28.3408485,1.34,-1.054596622136533
1732629409141165219,-25.4118331,28.34085,1.28,-1.0726558624455982
1732629409144886995,-25.4118331,28.34085,1.28,-1.0793423449388895
1732629409400470438,-25.4118347,28.3408511,0.93,-1.07415612259381
1732629409637366572,-25.4118373,28.3408524,0.68,-1.0514644214008704
1732629409643318777,-25.4118385,28.340853,0.72,-1.0176743025745933
1732629409901825300,-25.4118385,28.340853,0.72,-1.0095189401897482
1732629410139747898,-25.4118396,28.3408535,0.58,-0.990842892283974
1732629410144706885,-25.4118396,28.3408535,0.58,-0.9784169390743913
1732629410400646574,-25.4118403,28.3408541,0.47,-0.966666563589579
1732629410641072713,-25.4118424,28.3408556,0.85,-0.9591686702262279
1732629410646458407,-25.4118424,28.3408556,0.85,-0.9590929037235862
1732629410900614789,-25.4118439,28.3408564,1.02,-0.9034533827813926
1732629411139914370,-25.4118452,28.3408574,0.78,-0.8942982306915979
1732629411143972424,-25.4118452,28.3408574,0.78,-0.9111028672191988
1732629411401021487,-25.4118464,28.3408584,0.82,-0.9233349560490915
1732629411639903289,-25.4118487,28.3408601,0.63,-0.9030770918470585
1732629411645575022,-25.4118487,28.3408601,0.63,-0.8933454748454137
1732629411901630804,-25.4118498,28.3408611,0.92,-0.8910947483862084
1732629412140129897,-25.4118509,28.3408622,0.71,-0.9050018059271494
1732629412144543524,-25.4118509,28.3408622,0.71,-0.905919003656658
1732629412399633990,-25.4118518,28.3408629,0.52,-0.9450648976076379
1732629412639062656,-25.4118533,28.3408646,0.85,-1.0232812638335678
1732629412645158441,-25.4118533,28.3408646,0.85,-1.050305219938941
1732629412897070570,-25.4118544,28.3408653,0.49,-1.0287869379178178
1732629413140310353,-25.411855,28.3408656,0.28,-1.0172387876054425
1732629413144447253,-25.411855,28.3408656,0.28,-1.0508578423873018
1732629413400218947,-25.4118551,28.3408658,0.12,-1.082406660398473
1732629413639048719,-25.4118555,28.3408662,0.38,-1.0968386906111012
1732629413645031227,-25.4118555,28.3408662,0.38,-1.08897175380798
1732629413898018844,-25.4118562,28.3408668,0.53,-1.0704888660126022
1732629414138922794,-25.4118573,28.3408673,0.8,-1.0593641587905145
1732629414146233326,-25.4118573,28.3408673,0.8,-1.0443005450787748
1732629414400039767,-25.4118585,28.3408679,0.72,-1.0211369230453071
1732629414639837573,-25.4118607,28.3408695,0.68,-1.0287869742885833
1732629414646171367,-25.4118607,28.3408695,0.68,-1.0013661501754698
1732629414899139625,-25.4118621,28.3408701,0.96,-0.9821361729910807
1732629415138466054,-25.4118636,28.3408708,0.82,-0.9570351131360932
1732629415146316378,-25.4118636,28.3408708,0.82,-0.9439966030815201
1732629415399179072,-25.411865,28.3408717,0.88,-0.926464784113735
1732629415638814483,-25.4118676,28.3408737,0.85,-0.9149742410069588
1732629415646591945,-25.4118676,28.3408737,0.85,-0.9286732031004319
1732629415900424754,-25.4118688,28.3408747,0.83,-0.9405153882946529
1732629416136684107,-25.41187,28.3408757,0.86,-0.9424897812932005
1732629416144380515,-25.41187,28.3408757,0.86,-0.9507395636264313
1732629416399003988,-25.411871,28.3408768,0.69,-0.9710490296313554
1732629416638827778,-25.4118736,28.3408786,0.95,-0.9583778038722577
1732629416646422430,-25.4118736,28.3408786,0.95,-0.9686769832743622
1732629416899158663,-25.4118747,28.3408797,0.8,-0.9934519248545919
1732629417139303660,-25.4118757,28.3408806,0.83,-1.005612755688793
1732629417143658345,-25.4118757,28.3408806,0.83,-1.0003785689537765
1732629417399445687,-25.4118769,28.3408814,0.67,-0.9724613293573401
1732629417639044492,-25.4118792,28.3408831,0.79,-0.9698026490285026
1732629417646732741,-25.4118792,28.3408831,0.79,-0.9640590057373171
1732629417898777571,-25.4118805,28.340884,0.87,-0.9609180781047932
1732629418139258142,-25.4118817,28.3408849,0.75,-0.9590930565618248
1732629418143605723,-25.4118817,28.3408849,0.75,-0.9552152557288625
1732629418397750682,-25.4118828,28.3408856,0.73,-0.9472663264662344
1732629418638513260,-25.4118851,28.3408872,0.86,-0.931242963580293
1732629418646663927,-25.4118851,28.3408872,0.86,-0.942622350824676
1732629418898989197,-25.4118864,28.3408882,0.85,-0.9461547298533972
1732629419138375209,-25.4118875,28.3408894,0.92,-0.9921464188848059
1732629419145976996,-25.4118875,28.3408894,0.92,-0.9921464188848059
1732629419396027231,-25.4118887,28.3408904,0.76,-1.007555815953781
1732629419638224390,-25.4118911,28.3408922,0.78,-1.0164662614976274
1732629419645995388,-25.4118911,28.3408922,0.78,-1.0266446068930133
1732629419898361233,-25.4118923,28.3408932,0.91,-1.028787099040394
1732629420138326780,-25.4118936,28.3408942,0.83,-1.0346222369507183
1732629420145797211,-25.4118936,28.3408942,0.83,-1.035720866026531
1732629420398670881,-25.4118948,28.340895,0.89,-1.0364414295877764
1732629420636328689,-25.4118973,28.3408969,0.82,-1.0568670202604258
1732629420644946637,-25.4118987,28.3408975,0.81,-1.0250817947117823
1732629420897536540,-25.4118987,28.3408975,0.81,-1.0250817947117823
1732629421138011223,-25.4119,28.3408983,0.9,-1.0195549239922692
1732629421144897960,-25.4119,28.3408983,0.9,-1.0154028829244228
1732629421398229312,-25.4119014,28.3408991,0.85,-1.0064332812573902
1732629421635069512,-25.4119037,28.3409008,0.89,-0.997819967319451
1732629421895605608,-25.411905,28.3409017,0.81,-0.9809246314572939
1732629422137673619,-25.4119064,28.3409026,0.89,-0.9722240220503426
1732629422146225394,-25.4119064,28.3409026,0.89,-0.9571460505033951
1732629422397539335,-25.4119077,28.3409034,0.9,-0.9264649539744547
1732629422637416980,-25.4119106,28.3409055,0.96,-0.9037577357359314
1732629422644328356,-25.4119106,28.3409055,0.96,-0.8894632441828141
1732629422895472031,-25.4119119,28.3409064,0.76,-0.8092356871103825
1732629423136664356,-25.4119131,28.3409073,0.86,-0.7874590911325301
1732629423145303840,-25.4119131,28.3409073,0.86,-0.7709702497931521
1732629423398108233,-25.4119142,28.3409083,0.76,-0.7491334866432742
1732629423637413991,-25.4119162,28.34091,0.82,-0.7066274543591957
1732629423644889382,-25.4119162,28.34091,0.82,-0.6997558389188994
1732629423897276763,-25.4119173,28.3409111,0.88,-0.6768079335226829
1732629424137012493,-25.4119184,28.3409123,0.79,-0.6613505259711543
1732629424145691464,-25.4119184,28.3409123,0.79,-0.6682584403466922
1732629424397640618,-25.4119194,28.3409134,0.82,-0.6495078907238194
1732629424637778192,-25.4119209,28.3409159,0.77,-0.6650376652591037
1732629424645787039,-25.4119209,28.3409159,0.77,-0.6605116374516302
1732629424894697692,-25.4119217,28.3409171,0.73,-0.6408916852040494
1732629425135791205,-25.4119226,28.3409183,0.87,-0.6358277977697075
1732629425144920722,-25.4119226,28.3409183,0.87,-0.6260065178892105
1732629425396826294,-25.4119235,28.3409196,0.82,-0.621341707635017
1732629425636570824,-25.4119255,28.3409224,0.93,-0.6098898806218593
1732629425645210052,-25.4119255,28.3409224,0.93,-0.6018785801530502
1732629425894851372,-25.4119266,28.3409238,0.98,-0.5611534203428574
1732629426135356678,-25.4119277,28.3409255,1.14,-0.5533615392802518
1732629426144012258,-25.4119277,28.3409255,1.14,-0.5461567235292923
1732629426397121985,-25.4119289,28.3409273,1.17,-0.5252584516658909
1732629426636452448,-25.4119312,28.3409312,1.16,-0.5021202176316271
1732629426643762500,-25.4119312,28.3409312,1.16,-0.5021202176316271
1732629426896793221,-25.4119322,28.340933,0.93,-0.482286920216608
1732629427136382268,-25.4119332,28.3409346,1.0,-0.4633858719421027
1732629427144864221,-25.4119332,28.3409346,1.0,-0.460433676164699
1732629427396198258,-25.411934,28.3409361,0.89,-0.4451204334952754
1732629427636308377,-25.4119354,28.3409393,0.93,-0.44302338924025086
1732629427644259177,-25.4119354,28.3409393,0.93,-0.4430233952850733
1732629427895671164,-25.4119361,28.3409408,0.82,-0.4290625862591817
1732629428134443851,-25.4119367,28.3409422,0.73,-0.4228939417978359
1732629428144074505,-25.4119373,28.3409435,0.7,-0.4168898791942217
1732629428395948046,-25.4119373,28.3409435,0.7,-0.4036953072034102
1732629428636650211,-25.4119383,28.3409459,0.68,-0.39694789123680474
1732629428644588149,-25.4119383,28.3409459,0.68,-0.3905844185166303
1732629428896354045,-25.4119388,28.3409471,0.67,-0.37653409440804975
1732629429134864468,-25.4119393,28.3409484,0.75,-0.3738387844807023
1732629429143297302,-25.4119393,28.3409484,0.75,-0.38584740721096766
1732629429395761353,-25.4119399,28.3409498,0.81,-0.37899170353203626
1732629429635517371,-25.4119411,28.3409529,0.9,-0.3614335924769745
1732629429644782404,-25.4119417,28.3409545,0.92,-0.3565669364458688
1732629429896092762,-25.4119417,28.3409545,0.92,-0.3558042560125987
1732629430135141057,-25.4119422,28.3409562,0.9,-0.36124607253085905
1732629430144238160,-25.4119422,28.3409562,0.9,-0.3602846031804452
1732629430394949848,-25.4119428,28.340958,0.98,-0.35129292809585877
1732629430637060099,-25.4119438,28.3409611,0.67,-0.35852255391957444
1732629430644988212,-25.4119438,28.3409611,0.67,-0.35852255391957444
1732629430895203019,-25.4119444,28.3409623,0.78,-0.35353481492560235
1732629431134493771,-25.4119449,28.3409637,0.74,-0.3597666081209634
1732629431145173066,-25.4119453,28.3409652,0.89,-0.36728526466375166
1732629431395082826,-25.4119453,28.3409652,0.89,-0.38218411357588433
1732629431636285744,-25.4119465,28.3409688,0.91,-0.3905844423615461
1732629431644398332,-25.4119465,28.3409688,0.91,-0.4277266017644452
1732629431895740146,-25.4119471,28.3409706,0.99,-0.43781213828268317
1732629432135182829,-25.4119476,28.3409725,0.95,-0.46403011476802813
1732629432145141633,-25.4119482,28.3409741,0.82,-0.48774438469382453
1732629432394009569,-25.4119482,28.3409741,0.82,-0.48774438469382453
1732629432634513885,-25.4119495,28.3409776,0.94,-0.4987116916036989
1732629432644263159,-25.4119502,28.3409793,0.89,-0.4864001853382538
1732629432896465171,-25.4119502,28.3409793,0.89,-0.47648919418433255
1732629433136076457,-25.411951,28.3409809,0.99,-0.45524642839331086
1732629433145712999,-25.411951,28.3409809,0.99,-0.43739566093394266
1732629433395202356,-25.4119521,28.3409824,0.89,-0.4079795720153321
1732629433633693357,-25.4119534,28.3409855,0.95,-0.3833543928124783
1732629433894577955,-25.4119542,28.3409871,0.9,-0.3665680434076597
1732629434135157596,-25.4119551,28.3409885,0.73,-0.35619454163531783
1732629434144246187,-25.4119551,28.3409885,0.73,-0.3583029298705904
1732629434396228877,-25.4119556,28.34099,0.87,-0.3588928317633595
1732629434634229396,-25.4119566,28.3409927,0.71,-0.3325171172611463
1732629434895417378,-25.4119571,28.3409941,0.78,-0.35613077721914843
1732629435134741665,-25.4119575,28.3409956,0.71,-0.3652940991359257
1732629435144945998,-25.4119578,28.340997,0.74,-0.3872859290257349
1732629435396110441,-25.4119578,28.340997,0.74,-0.37549753801832786
1732629435636576934,-25.4119585,28.3409995,0.57,-0.3924110018709288
1732629435644472536,-25.4119585,28.3409995,0.57,-0.373838838364946
1732629435895366779,-25.4119592,28.3410007,0.74,-0.33666800181477896
1732629436135360806,-25.4119597,28.3410021,0.82,-0.33264585311040484
1732629436144076032,-25.4119597,28.3410021,0.82,-0.3452344292489826
1732629436396655921,-25.41196,28.3410036,0.66,-0.3844003849078721
1732629436637503714,-25.4119613,28.3410066,0.89,-0.383354415102823
1732629436645478002,-25.4119613,28.3410066,0.89,-0.383354415102823
1732629436892393741,-25.411962,28.3410084,1.02,-0.4193720580948366
1732629437135123686,-25.4119625,28.3410102,0.82,-0.43511031661643695
1732629437144130519,-25.4119625,28.3410102,0.82,-0.4368581540350429
1732629437396553261,-25.411963,28.3410122,1.21,-0.46003603815290806
1732629437637662647,-25.4119641,28.3410162,0.89,-0.5268597009242608
1732629437645981980,-25.4119641,28.3410162,0.89,-0.5247494840535549
1732629437892574721,-25.4119648,28.3410178,0.88,-0.5329781243394245
1732629438134217691,-25.4119657,28.3410192,0.76,-0.5238063881106716
1732629438144724991,-25.4119664,28.3410206,0.82,-0.54813593263821
1732629438395485958,-25.4119664,28.3410206,0.82,-0.562576372250938
1732629438636259194,-25.411968,28.3410233,0.75,-0.5883744919872664
1732629438644828536,-25.411968,28.3410233,0.75,-0.6012721863980723
1732629438894727802,-25.4119687,28.3410249,1.03,-0.6160439237090021
1732629439132241744,-25.4119694,28.3410265,0.7,-0.6407867665789464
1732629439393053609,-25.4119703,28.341028,1.06,-0.657348131600533
1732629439636494029,-25.4119721,28.3410315,1.0,-0.745945604059969
1732629439644501692,-25.4119721,28.3410315,1.0,-0.7616393990164632
1732629439894919854,-25.4119729,28.341033,0.77,-0.7845082609714211
1732629440131370788,-25.4119739,28.3410342,0.8,-0.8020741484631548
1732629440394866349,-25.411975,28.3410357,1.13,-0.831844823015008
1732629440636395114,-25.4119771,28.3410384,0.88,-0.8635892791593127
1732629440645986922,-25.4119781,28.3410396,0.75,-0.9149746981729958
1732629440894678128,-25.4119781,28.3410396,0.75,-0.9174725813246623
1732629441134171754,-25.4119791,28.3410409,0.86,-0.9417765888608214
1732629441395032930,-25.4119802,28.3410422,0.9,-0.9739576993122703
1732629441635883412,-25.4119827,28.3410442,0.75,-1.0109454895750236
1732629441645001506,-25.4119839,28.3410452,0.99,-1.023664688757714
1732629441895049311,-25.4119839,28.3410452,0.99,-1.0517596181012343
1732629442133791792,-25.4119852,28.3410463,0.81,-1.0776252152815564
1732629442144575692,-25.4119864,28.3410472,0.79,-1.08965741996423
1732629442391479240,-25.4119864,28.3410472,0.79,-1.1031854226253675
1732629442634510456,-25.4119889,28.3410488,0.62,-1.13717762629927
1732629442643774370,-25.4119899,28.3410496,0.77,-1.1569659868396713
1732629442894902975,-25.4119899,28.3410496,0.77,-1.2137103372578282
1732629443134061188,-25.4119911,28.3410504,0.77,-1.268655699415309
1732629443144428876,-25.4119925,28.341051,0.92,-1.2761920595992713
1732629443392717054,-25.4119925,28.341051,0.92,-1.2956892855815014
1732629443635378522,-25.4119956,28.3410526,1.01,-1.348709770988938
1732629443645273616,-25.4119973,28.3410535,0.97,-1.3857778633993125
1732629443895420491,-25.4119973,28.3410535,0.97,-1.411310528816069
1732629444134984515,-25.4119991,28.3410543,1.15,-1.4621094399596704
1732629444145393610,-25.4120008,28.3410549,0.83,-1.4866922959436613
1732629444393661597,-25.4120008,28.3410549,0.83,-1.4903235858587354
1732629444635243834,-25.4120037,28.3410553,0.8,-1.4994378496970797
1732629444645637953,-25.4120053,28.3410553,0.92,-1.5193909739963871
1732629444893954738,-25.4120053,28.3410553,0.92,-1.5344748544379776
1732629445133571402,-25.4120069,28.3410555,0.8,-1.5553133597611684
1732629445144114221,-25.4120084,28.3410558,0.91,-1.5913217449164119
1732629445393470399,-25.4120084,28.3410558,0.91,-1.5913217449164119
1732629445631411881,-25.4120119,28.3410561,1.12,-1.6446118677981527
1732629445890240063,-25.412014,28.3410561,1.15,-1.675061112692985
1732629446134111318,-25.4120158,28.3410563,0.91,-1.6999915104628505
1732629446144899857,-25.4120176,28.3410564,0.95,-1.7446541874074555
1732629446396941299,-25.4120176,28.3410564,0.95,-1.757257378535173
1732629446633069204,-25.4120211,28.3410562,0.93,-1.794628941580986
1732629446895721718,-25.4120227,28.341056,0.9,-1.8466835352023576
1732629447133382473,-25.4120244,28.3410558,0.94,-1.8703084462881252
1732629447144011529,-25.412026,28.3410554,0.92,-1.899160133269981
1732629447394146308,-25.412026,28.3410554,0.92,-1.9250290445206772
1732629447634412552,-25.412029,28.3410547,0.79,-1.9915520095052681
1732629447643532854,-25.4120304,28.3410542,0.85,-2.006780864252134
1732629447893416793,-25.4120304,28.3410542,0.85,-2.0523117249211174
1732629448132907220,-25.412032,28.3410536,0.92,-2.0935380356248645
1732629448145760402,-25.4120334,28.3410531,0.83,-2.119278473123524
1732629448393788076,-25.4120334,28.3410531,0.83,-2.1469624530746607
1732629448635787324,-25.4120361,28.3410518,0.71,-2.1930275908682386
1732629448643918824,-25.4120361,28.3410518,0.71,-2.1930275908682386
1732629448892266425,-25.4120374,28.3410511,0.92,-2.2587320710918544
1732629449132532701,-25.4120387,28.3410502,0.78,-2.2868434622570524
1732629449146133508,-25.4120399,28.3410493,0.85,-2.300249494305957
1732629449392569902,-25.4120399,28.3410493,0.85,-2.3007764005877522
1732629449633138282,-25.4120425,28.3410472,0.8,-2.3315078062269965
1732629449645329595,-25.4120436,28.3410462,0.9,-2.3406250796928045
1732629449890936575,-25.4120436,28.3410462,0.9,-2.3708258083944482
1732629450132060329,-25.4120448,28.3410449,0.92,-2.386814418447914
1732629450145081729,-25.4120463,28.3410437,1.04,-2.4155098261321264
1732629450395897128,-25.4120463,28.3410437,1.04,-2.4233057241925993
1732629450635230761,-25.4120485,28.341041,0.9,-2.4390637281710603
1732629450644888294,-25.4120496,28.3410397,0.9,-2.501761156992097
1732629450893809542,-25.4120496,28.3410397,0.9,-2.5308061447574737
1732629451133186757,-25.4120507,28.3410386,0.79,-2.5814777555014077
1732629451144034687,-25.4120518,28.3410374,0.9,-2.638868790552097
1732629451393998816,-25.4120518,28.3410374,0.9,-2.6923407925075935
1732629451633131526,-25.4120536,28.3410348,0.73,-2.75008002393313
1732629451645099550,-25.4120544,28.3410336,0.73,-2.779114879995883
1732629451895555760,-25.4120544,28.3410336,0.73,-2.793063707927245
1732629452130156415,-25.4120553,28.3410323,0.99,-2.8629825944020553
1732629452391785153,-25.4120563,28.3410308,0.86,-2.907584680857595
1732629452632965578,-25.4120576,28.3410278,0.83,-2.9563811763269907
1732629452891483818,-25.4120582,28.3410261,0.96,-2.98793153398202
1732629453131098434,-25.4120588,28.3410243,0.97,-3.0095117304189287
1732629453391137012,-25.4120592,28.3410225,0.94,-3.0365408047311746
1732629453632845837,-25.4120599,28.3410188,0.89,-3.0626768671636313
1732629453891012759,-25.4120602,28.3410171,0.88,-3.088921383163389
1732629454133171939,-25.4120606,28.3410155,0.75,-3.1283344535240722
1732629454390567236,-25.4120608,28.3410141,0.69,-3.1415925962831164
1732629454631508021,-25.4120607,28.3410114,0.61,-3.141592594016382
1732629454890134065,-25.4120608,28.3410099,0.87,3.1208372065513537
1732629455132605044,-25.4120609,28.3410083,0.76,3.1108490816221144
1732629455144680616,-25.4120609,28.3410068,0.73,3.0805860588395975
1732629455393163638,-25.4120609,28.3410068,0.73,3.0656247371029153
1732629455632605780,-25.412061,28.3410036,0.82,3.0381705859033987
1732629455890727103,-25.4120611,28.341002,0.83,3.0021642267663946
1732629456132733904,-25.412061,28.3410003,0.85,2.9847321197512535
1732629456145083164,-25.4120608,28.3409988,0.69,2.9693408844334037
1732629456390315020,-25.4120608,28.3409988,0.69,2.953448282626189
1732629456634102023,-25.4120607,28.3409955,0.84,2.9134947505043645
1732629456644107514,-25.4120605,28.3409939,0.82,2.8678505332317092
1732629456892325200,-25.4120605,28.3409939,0.82,2.8781764419068745
1732629457132351388,-25.4120601,28.3409923,0.87,2.873210786451091
1732629457145606509,-25.4120598,28.3409908,0.72,2.8536514891072864
1732629457392258258,-25.4120598,28.3409908,0.72,2.8536514891072864
1732629457632230528,-25.4120593,28.3409878,0.85,2.8279226718182047
1732629457890433065,-25.412059,28.3409863,0.69,2.8316188653562646
1732629458132579510,-25.4120586,28.3409848,0.88,2.8209203317510685
1732629458145620974,-25.4120581,28.3409831,0.91,2.8334355238665694
1732629458391702948,-25.4120581,28.3409831,0.91,2.8334355238665694
1732629458629039169,-25.412057,28.3409801,0.89,2.832587750885148
1732629458892889953,-25.4120567,28.3409783,0.92,2.8127899569757986
1732629459132860239,-25.4120562,28.3409766,0.87,2.8234468108945032
1732629459145619311,-25.4120556,28.3409751,0.78,2.839730988513921
1732629459391326448,-25.4120556,28.3409751,0.78,2.839730988513921
1732629459631515096,-25.4120547,28.3409721,0.86,2.839542145116166
1732629459892340978,-25.4120544,28.3409704,0.84,2.825056088851218
1732629460132587512,-25.4120538,28.3409688,0.91,2.825056090699272
1732629460144504786,-25.4120535,28.3409671,0.87,2.797817080860666
1732629460391655848,-25.4120535,28.3409671,0.87,2.76540208372269
1732629460632390239,-25.4120523,28.3409638,0.74,2.7410032495841516
1732629460891186071,-25.4120518,28.3409624,0.77,2.7226921784927187
1732629461133461568,-25.4120515,28.3409608,0.8,2.708546179176543
1732629461146391547,-25.4120511,28.3409591,0.97,2.6451789098409684
1732629461392745353,-25.4120511,28.3409591,0.97,2.63170739707388
1732629461632121353,-25.41205,28.3409554,1.25,2.5795503383789207
1732629461889430350,-25.4120494,28.3409535,0.77,2.5405289213510684
1732629462131345026,-25.4120488,28.3409519,0.88,2.5057644971491344
1732629462390676106,-25.4120481,28.3409504,0.88,2.4853073519658295
1732629462631472607,-25.4120464,28.3409472,1.01,2.4366102434667978
1732629462887260050,-25.4120453,28.3409455,0.99,2.4140461014336125
1732629463130774805,-25.4120444,28.340944,0.86,2.3782836379111156
1732629463389737896,-25.4120439,28.3409426,0.58,2.326313771658313
1732629463631339174,-25.412042,28.3409405,0.63,2.2803905157888726
1732629463889915621,-25.4120412,28.3409395,0.6,2.2247046920884044
1732629464128311170,-25.4120405,28.3409387,0.5,2.174860555350156
1732629464390367832,-25.4120398,28.340938,0.56,2.163050646191219
1732629464633135955,-25.4120388,28.3409369,0.3,2.1107374881544896
1732629464888552433,-25.4120385,28.3409366,0.23,2.0720028057107633
1732629465127201831,-25.4120381,28.3409364,0.18,2.0405901102934116
1732629465391896494,-25.4120379,28.3409363,0.11,2.030142191906741
1732629465631461865,-25.4120374,28.3409359,0.38,2.001267767792683
1732629465888393721,-25.4120369,28.3409353,0.41,1.9667154972549534
1732629466128509155,-25.4120359,28.3409347,0.88,1.9175006297472077
1732629466390715669,-25.4120346,28.3409339,0.79,1.895026987169775
1732629466630790368,-25.4120316,28.3409319,1.02,1.857769854743509
1732629466891089996,-25.41203,28.3409307,1.21,1.8287384080992508
1732629467130101975,-25.4120281,28.3409298,1.03,1.798788393004835
1732629467390344036,-25.4120263,28.3409292,1.04,1.7781187548433008
1732629467629113111,-25.4120228,28.3409278,1.02,1.75388792853634
1732629467891006034,-25.4120211,28.3409271,0.92,1.7451409776042315
1732629468128276850,-25.4120195,28.3409268,0.91,1.749517914843528
1732629468387638042,-25.4120181,28.3409266,0.78,1.7534027273390747
1732629468630937508,-25.4120149,28.3409263,0.98,1.7454465769664296
1732629468888578752,-25.4120131,28.3409259,0.98,1.730282152387982
1732629469130065953,-25.4120114,28.3409253,1.02,1.738116771071982
1732629469387256490,-25.4120098,28.3409248,0.94,1.7313391346160367
1732629469629788428,-25.4120063,28.3409242,1.09,1.7406462463125258
1732629469889863134,-25.4120044,28.3409241,0.93,1.7502498096727166
1732629470129680401,-25.4120028,28.3409237,0.91,1.7475589709054393
1732629470391078108,-25.4120011,28.3409232,1.02,1.7411751059537526
1732629470629011752,-25.4119975,28.3409224,1.05,1.7338797294333883
1732629470889366098,-25.4119956,28.340922,1.12,1.722479188464484
1732629471129443934,-25.4119934,28.3409221,1.31,1.7301534166559014
1732629471390990116,-25.4119912,28.340922,1.17,1.7381681680391177
1732629471626046054,-25.4119868,28.3409207,1.21,1.7161399440146887
1732629471888695339,-25.4119847,28.3409203,1.18,1.714321933133852
1732629472130781947,-25.4119826,28.3409197,1.11,1.704801202281967
1732629472388330937,-25.4119805,28.3409193,1.22,1.7029520525708675
1732629472629230252,-25.411976,28.3409184,1.27,1.6953875859788514
1732629472889563415,-25.4119738,28.340918,1.18,1.6936946086219216
1732629473127915895,-25.4119717,28.3409177,1.16,1.6899366777271894
1732629473389694806,-25.4119696,28.3409176,1.13,1.698094527839003
1732629473629849440,-25.4119653,28.3409171,1.15,1.703672918902055
1732629473887117767,-25.4119634,28.3409168,1.01,1.711002500067166
1732629474129030683,-25.4119615,28.3409166,1.03,1.7318966859472216
1732629474388802231,-25.4119597,28.3409163,0.98,1.7429225460930695
1732629474628557229,-25.4119558,28.3409157,1.06,1.7675813261022242
1732629474886151210,-25.411954,28.3409154,0.98,1.7804348765372584
1732629475128947204,-25.4119522,28.3409151,0.99,1.8043471129733417
1732629475389123828,-25.4119504,28.3409148,1.06,1.8041619526963473
1732629475629087363,-25.4119468,28.3409144,1.01,1.8176362410155615
1732629475887006871,-25.4119449,28.3409141,1.03,1.826442349904518
1732629476127054596,-25.411943,28.3409138,1.1,1.8428727799211924
1732629476388740326,-25.411941,28.3409133,1.14,1.8536992220251545
1732629476630284998,-25.4119376,28.3409123,0.83,1.8587689560810983
1732629476888519088,-25.4119358,28.3409117,1.29,1.857670563640589
1732629477124894572,-25.4119336,28.3409108,1.28,1.859025582748588
1732629477388140511,-25.4119315,28.3409101,1.2,1.864306952189473
1732629477629150991,-25.4119279,28.3409087,1.18,1.8540947857841115
1732629477888000903,-25.4119257,28.3409083,1.24,1.8644148626713637
1732629478129103541,-25.4119235,28.3409079,1.2,1.8778281382323083
1732629478388547642,-25.4119214,28.3409073,1.22,1.8909602991250374
1732629478629310290,-25.4119171,28.3409058,1.27,1.9027570972968029
1732629478889268713,-25.4119149,28.3409049,1.24,1.90609897381972
1732629479127509772,-25.4119129,28.3409042,1.08,1.9263943721416128
1732629479386197225,-25.411911,28.3409036,1.09,1.9502450267697613
1732629479628453268,-25.4119074,28.3409022,1.11,1.9690760372197724
1732629479888004182,-25.4119055,28.3409014,1.1,1.9852132719808395
1732629480127204285,-25.4119037,28.3409009,0.91,2.0301426341403683
1732629480385310571,-25.4119021,28.3409004,0.9,2.048463977557219
1732629480628391134,-25.411899,28.3408993,0.8,2.0777853872911844
1732629480887954176,-25.4118977,28.3408986,0.86,2.1008840332703222
1732629481127313250,-25.4118964,28.3408979,0.72,2.107061551522172
1732629481384790051,-25.4118952,28.3408973,0.69,2.12711496956752
1732629481628107214,-25.4118932,28.3408961,0.68,2.143314888535347
1732629481887342331,-25.4118922,28.3408953,0.62,2.153977131003817
1732629482127280044,-25.4118913,28.3408947,0.58,2.1759133091019898
1732629482388362305,-25.4118901,28.3408939,0.9,2.166904415391543
1732629482625900921,-25.4118869,28.3408917,1.13,2.1714324002918026
1732629482888044015,-25.411885,28.3408906,1.22,2.1805618768266966
1732629483127763398,-25.4118829,28.3408894,1.41,2.1948850768988937
1732629483387222988,-25.4118809,28.3408877,1.36,2.1881980860952677
1732629483626733737,-25.4118771,28.3408852,1.08,2.1952968352740942
1732629483888496746,-25.4118753,28.3408836,1.42,2.184620840791939
1732629484127098755,-25.4118733,28.3408819,1.32,2.162468751849051
1732629484387667623,-25.4118718,28.3408804,0.92,2.150651025195902
1732629484627008682,-25.4118691,28.3408777,0.91,2.1320737356704536
1732629484887895141,-25.4118676,28.340877,0.84,2.1481408987734607
1732629485126206119,-25.4118662,28.340876,1.01,2.156898374824727
1732629485386885224,-25.4118647,28.3408749,0.99,2.1577498305142813
1732629485628279470,-25.4118612,28.3408721,1.25,2.1469632624540678
1732629485888067498,-25.4118594,28.3408708,1.04,2.1398528223035047
1732629486126181426,-25.4118578,28.3408698,1.02,2.1300222727127274
1732629486388199467,-25.4118562,28.3408687,1.1,2.1257019126274157
1732629486627432209,-25.4118526,28.3408665,1.13,2.123041057563073
1732629486887183502,-25.4118507,28.3408651,1.36,2.109968187832984
1732629487128012804,-25.4118487,28.3408635,1.35,2.107263456220835
1732629487388736676,-25.4118468,28.340862,1.26,2.103268379000818
1732629487629132520,-25.4118428,28.3408588,1.28,2.0755349386626847
1732629487884891133,-25.4118408,28.3408573,1.38,2.059606717774721
1732629488128866709,-25.4118384,28.3408557,1.67,2.0623844386700405
1732629488387314778,-25.4118361,28.3408543,1.21,2.0651193133000136
1732629488628218382,-25.4118324,28.3408522,1.13,2.07466197768942
1732629488886365851,-25.4118307,28.3408512,1.03,2.081294573718367
1732629489125828667,-25.411829,28.3408504,1.01,2.098968119766953
1732629489387331940,-25.4118273,28.3408496,0.95,2.121102225221909
1732629489627258197,-25.4118247,28.3408477,0.68,2.125957832576189
1732629489887982165,-25.4118235,28.3408468,0.89,2.1325241572718623
1732629490125373235,-25.4118222,28.3408462,0.59,2.1375361358445213
1732629490389121369,-25.4118211,28.3408457,0.64,2.1377756334041047
1732629490629979790,-25.411819,28.3408442,0.65,2.137127910307619
1732629490887534254,-25.411818,28.3408435,0.59,2.136350574163017
1732629491126350177,-25.411817,28.3408428,0.78,2.122357434204739
1732629491389631732,-25.4118157,28.3408419,0.8,2.1149177451008443
1732629491629086580,-25.4118129,28.34084,0.92,2.105979327566721
1732629491889233126,-25.4118114,28.3408388,1.14,2.10011678337103
1732629492127033784,-25.4118097,28.3408374,1.15,2.096872951398014
1732629492389163630,-25.411808,28.340836,1.17,2.090174283002969
1732629492628622670,-25.4118046,28.3408338,1.05,2.0826353306541883
1732629492888912443,-25.4118028,28.3408328,1.14,2.0864032977890643
1732629493127773773,-25.4118011,28.3408316,1.09,2.0962206937094265
1732629493388833027,-25.4117995,28.3408305,0.89,2.0982703667833054
1732629493628703223,-25.4117963,28.3408287,1.0,2.1031433936947135
1732629493889239613,-25.4117948,28.3408279,0.85,2.1026082795810748
1732629494127935956,-25.4117934,28.3408272,0.78,2.1313206422524225
1732629494386523189,-25.4117921,28.3408263,0.88,2.147624207269782
1732629494625745660,-25.4117901,28.3408248,0.56,2.157726235900995
1732629494890760027,-25.4117892,28.3408241,0.66,2.1702438693896653
1732629495128699177,-25.4117882,28.3408236,0.48,2.1930286819346403
1732629495389392779,-25.4117875,28.3408232,0.33,2.218728435517999
1732629495627561457,-25.4117863,28.3408221,0.43,2.2160270145777705
1732629495887937917,-25.4117857,28.3408216,0.42,2.2172902429170422
1732629496127595671,-25.4117848,28.3408212,0.56,2.2412341392666804
1732629496388638030,-25.4117839,28.3408208,0.49,2.258291575738278
1732629496625332545,-25.4117816,28.340819,0.97,2.2684839988685432
1732629496888378236,-25.4117803,28.3408178,0.86,2.26848400408175
1732629497127544357,-25.4117791,28.3408167,0.91,2.2911714563198835
1732629497388738551,-25.4117777,28.3408154,1.11,2.299688508466404
1732629497626712164,-25.4117746,28.3408128,1.14,2.3274165481981663
1732629497888545284,-25.4117733,28.3408113,0.98,2.327698427101099
1732629498126774985,-25.4117719,28.3408101,0.96,2.3439111096465375
1732629498389460911,-25.4117705,28.3408089,1.02,2.3521329094212167
1732629498627886542,-25.4117676,28.3408061,1.04,2.3720780906986327
1732629498888490226,-25.4117663,28.3408048,1.01,2.380446660426818
1732629499127975986,-25.4117649,28.3408035,1.0,2.390895173050591
1732629499389726772,-25.4117636,28.3408023,0.88,2.4052990653312367
1732629499627784926,-25.4117614,28.3407995,0.91,2.4084419524491754
1732629499888050733,-25.4117602,28.3407981,1.0,2.410410817265446
1732629500128103643,-25.4117591,28.3407966,0.95,2.4297010910375487
1732629500388132465,-25.411758,28.3407953,0.81,2.441868729252332
1732629500627829066,-25.4117557,28.3407926,1.17,2.453415779409303
1732629500884764253,-25.4117542,28.340791,1.13,2.4631113436985155
1732629501127713941,-25.4117529,28.3407893,1.11,2.4804274890687372
1732629501389119425,-25.4117515,28.3407876,1.27,2.4929749527997096
1732629501627513186,-25.4117483,28.3407838,1.28,2.521472786833317
1732629501886724208,-25.4117469,28.3407819,1.13,2.538203797776207
1732629502126148178,-25.4117457,28.3407802,1.05,2.551513493976554
1732629502388099310,-25.4117444,28.3407786,1.13,2.566576787611009
1732629502628119901,-25.4117425,28.3407753,0.97,2.5674780803680477
1732629502886945880,-25.4117415,28.3407736,1.04,2.5745989999346772
1732629503124834599,-25.4117404,28.340772,0.97,2.5795950694290823
1732629503387250230,-25.4117392,28.3407704,0.98,2.5881801418146386
1732629503627294149,-25.4117373,28.3407671,0.99,2.5914278849629158
1732629503887992134,-25.4117363,28.3407654,1.05,2.595948313708724
1732629504125388549,-25.4117354,28.3407638,0.87,2.6068657630246195
1732629504387702038,-25.4117347,28.3407623,0.78,2.605792039361199
1732629504626542730,-25.4117333,28.3407597,0.9,2.608215982972265
1732629504889372236,-25.4117324,28.3407581,0.99,2.615423763512676
1732629505126809065,-25.4117314,28.3407563,1.15,2.621852188880341
1732629505387659942,-25.4117304,28.3407543,1.11,2.6233683828645056
1732629505629756920,-25.411728,28.3407502,1.32,2.632555445824763
1732629505886161787,-25.4117267,28.340748,1.26,2.641356185105428
1732629506126832343,-25.4117255,28.3407458,1.28,2.6532687634254835
1732629506386425434,-25.4117244,28.3407437,1.14,2.657455976163126
1732629506627275409,-25.4117224,28.3407395,1.16,2.6564240633461296
1732629506887284264,-25.4117214,28.3407375,1.09,2.672200917236859
1732629507126711274,-25.4117205,28.3407357,1.05,2.676144578328689
1732629507385124113,-25.4117196,28.3407337,1.18,2.684324004593587
1732629507626623636,-25.4117176,28.3407296,1.09,2.697810964671161
1732629507886819365,-25.4117167,28.3407277,1.08,2.707107655585026
1732629508126269191,-25.4117157,28.3407258,1.04,2.713570695311164
1732629508387380860,-25.4117149,28.3407241,0.87,2.724703585773719
1732629508625084978,-25.4117136,28.340721,0.74,2.7311421138122043
1732629508887963699,-25.411713,28.3407197,0.71,2.725744061881473
1732629509126857508,-25.4117124,28.3407185,0.7,2.7165262598609914
1732629509388745603,-25.4117121,28.3407172,0.6,2.6998242184366648
1732629509625093441,-25.4117112,28.3407152,0.59,2.6985701150351487
1732629509887284695,-25.4117108,28.3407139,0.71,2.6828686821711916
1732629510127805304,-25.4117103,28.3407126,0.77,2.6771794154293778
1732629510387777104,-25.4117097,28.340711,0.93,2.6793843705677247
1732629510625802908,-25.4117082,28.3407076,1.05,2.6813720759328916
1732629510888503874,-25.4117075,28.3407056,1.04,2.673324597214771
1732629511128555825,-25.4117068,28.3407037,1.01,2.6704714241832406
1732629511389651688,-25.4117059,28.3407019,1.09,2.670803984259125
1732629511628205380,-25.4117041,28.3406982,0.89,2.6749359892356086
1732629511886136346,-25.4117033,28.3406966,0.95,2.671029275472735
1732629512127751994,-25.4117025,28.3406949,0.89,2.651520614473144
1732629512389269380,-25.4117017,28.3406935,0.83,2.651520617506839
1732629512628143510,-25.4117003,28.3406905,0.85,2.6455938844766553
1732629512885960367,-25.4116998,28.340689,0.81,2.6288688222870498
1732629513127748042,-25.4116992,28.3406875,0.87,2.594431093847854
1732629513387764417,-25.4116985,28.3406859,0.92,2.5744894465521746
1732629513626825678,-25.411697,28.3406824,0.96,2.5396820323424514
1732629513885758918,-25.4116962,28.3406808,0.84,2.5278340595989466
1732629514125437985,-25.4116955,28.3406793,0.81,2.4964360381099198
1732629514387342303,-25.4116948,28.3406781,0.72,2.487337462208222
1732629514627264690,-25.4116932,28.3406756,0.8,2.4748376560157084
1732629514887011633,-25.4116924,28.3406742,0.9,2.4577392741348802
1732629515125193881,-25.4116916,28.3406727,0.8,2.4397554496262366
1732629515386406476,-25.4116908,28.3406713,0.83,2.4271071711539083
1732629515626697460,-25.4116888,28.3406686,0.88,2.4213531312710472
1732629515887584593,-25.4116878,28.3406673,0.89,2.4167386495369065
1732629516124352067,-25.4116867,28.3406658,0.93,2.4090364108722646
1732629516389219369,-25.4116857,28.3406643,1.02,2.3964326403054415
1732629516628996000,-25.4116834,28.3406615,0.81,2.3774337740248566
1732629516887156783,-25.4116824,28.3406602,0.83,2.3642065320559738
1732629517125094814,-25.4116814,28.340659,0.84,2.3553570847043144
1732629517387564428,-25.4116804,28.3406579,0.64,2.3562066999091247
1732629517626355329,-25.411679,28.3406562,0.47,2.305402932346394
1732629517888836975,-25.4116785,28.3406556,0.34,2.2472951461546318
