ROS Timestamp,Latitude,Longitude,PSIS (Yaw Angle),Velocity
1.63248863400E+18,-25.4121725,28.3407429,-1.570796327,5
1.63248863406E+18,-25.4121735,28.3407429,-1.570796327,5
1.63248863412E+18,-25.4121745,28.3407429,-1.570796327,5
1.63248863418E+18,-25.4121755,28.3407429,-1.570796327,5
1.63248863424E+18,-25.4121765,28.3407429,-1.570796327,5
1.63248863430E+18,-25.4121775,28.3407429,-1.570796327,5
1.63248863436E+18,-25.4121785,28.3407429,-1.570796327,5
1.63248863442E+18,-25.4121795,28.3407429,-1.570796327,5
1.63248863448E+18,-25.4121805,28.3407429,-1.570796327,5
1.63248863454E+18,-25.4121815,28.3407429,-1.570796327,5
1.63248863460E+18,-25.4121825,28.3407429,-1.570796327,5
1.63248863466E+18,-25.4121835,28.3407429,-1.570796327,5
1.63248863472E+18,-25.4121845,28.3407429,-1.570796327,5
1.63248863478E+18,-25.4121855,28.3407429,-1.570796327,5
1.63248863484E+18,-25.4121865,28.3407429,-1.570796327,5
1.63248863490E+18,-25.4121875,28.3407429,-1.570796327,5
1.63248863496E+18,-25.4121885,28.3407429,-1.570796327,5
1.63248863502E+18,-25.4121895,28.3407429,-1.570796327,5
1.63248863508E+18,-25.4121905,28.3407429,-1.570796327,5
1.63248863514E+18,-25.4121915,28.3407429,-1.570796327,5
1.63248863520E+18,-25.4121925,28.3407429,-1.570796327,5
1.63248863526E+18,-25.4121935,28.3407429,-1.570796327,5
1.63248863532E+18,-25.4121945,28.3407429,-1.570796327,5
1.63248863538E+18,-25.4121955,28.3407429,-1.570796327,5
1.63248863544E+18,-25.4121965,28.3407429,-1.570796327,5
1.63248863550E+18,-25.4121975,28.3407429,-1.570796327,5
1.63248863556E+18,-25.4121985,28.3407429,-1.570796327,5
1.63248863562E+18,-25.4121995,28.3407429,-1.570796327,5
1.63248863568E+18,-25.4122005,28.3407429,-1.570796327,5
1.63248863574E+18,-25.4122015,28.3407429,-1.570796327,5
1.63248863580E+18,-25.4122025,28.3407429,-1.570796327,5
1.63248863586E+18,-25.4122035,28.3407429,-1.570796327,5
1.63248863592E+18,-25.4122045,28.3407429,-1.570796327,5
1.63248863598E+18,-25.4122055,28.3407429,-1.570796327,5
1.63248863604E+18,-25.4122065,28.3407429,-1.570796327,5
1.63248863610E+18,-25.4122075,28.3407429,-1.570796327,5
1.63248863616E+18,-25.4122085,28.3407429,-1.570796327,5
1.63248863622E+18,-25.4122095,28.3407429,-1.570796327,5
1.63248863628E+18,-25.4122105,28.3407429,-1.570796327,5
1.63248863634E+18,-25.4122115,28.3407429,-1.570796327,5
1.63248863640E+18,-25.4122125,28.3407429,-1.570796327,5
1.63248863646E+18,-25.4122135,28.3407429,-1.570796327,5
1.63248863652E+18,-25.4122145,28.3407429,-1.570796327,5
1.63248863658E+18,-25.4122155,28.3407429,-1.570796327,5
1.63248863664E+18,-25.4122165,28.3407429,-1.570796327,5
1.63248863670E+18,-25.4122175,28.3407429,-1.570796327,5
1.63248863676E+18,-25.4122185,28.3407429,-1.570796327,5
1.63248863682E+18,-25.4122195,28.3407429,-1.570796327,5
1.63248863688E+18,-25.4122205,28.3407429,-1.570796327,5
1.63248863694E+18,-25.4122215,28.3407429,-1.570796327,5
1.63248863700E+18,-25.4122225,28.3407429,-1.570796327,5
1.63248863706E+18,-25.4122235,28.3407429,-1.570796327,5
1.63248863712E+18,-25.4122245,28.3407429,-1.570796327,5
1.63248863718E+18,-25.4122255,28.3407429,-1.570796327,5
1.63248863724E+18,-25.4122265,28.3407429,-1.570796327,5
1.63248863730E+18,-25.4122275,28.3407429,-1.570796327,5
1.63248863736E+18,-25.4122285,28.3407429,-1.570796327,5
1.63248863742E+18,-25.4122295,28.3407429,-1.570796327,5
1.63248863748E+18,-25.4122305,28.3407429,-1.570796327,5
1.63248863754E+18,-25.4122315,28.3407429,-1.570796327,5
1.63248863760E+18,-25.4122325,28.3407429,-1.570796327,5
1.63248863766E+18,-25.4122335,28.3407429,-1.570796327,5
1.63248863772E+18,-25.4122345,28.3407429,-1.570796327,5
1.63248863778E+18,-25.4122355,28.3407429,-1.570796327,5
1.63248863784E+18,-25.4122365,28.3407429,-1.570796327,5
1.63248863790E+18,-25.4122375,28.3407429,-1.570796327,5
1.63248863796E+18,-25.4122385,28.3407429,-1.570796327,5
1.63248863802E+18,-25.4122395,28.3407429,-1.570796327,5
1.63248863808E+18,-25.4122405,28.3407429,-1.570796327,5
1.63248863814E+18,-25.4122415,28.3407429,-1.570796327,5
1.63248863820E+18,-25.4122425,28.3407429,-1.570796327,5
1.63248863826E+18,-25.4122435,28.3407429,-1.570796327,5
1.63248863832E+18,-25.4122445,28.3407429,-1.570796327,5
1.63248863838E+18,-25.4122455,28.3407429,-1.570796327,5
1.63248863844E+18,-25.4122465,28.3407429,-1.570796327,5
1.63248863850E+18,-25.4122475,28.3407429,-1.570796327,5
1.63248863856E+18,-25.4122485,28.3407429,-1.570796327,5
1.63248863862E+18,-25.4122495,28.3407429,-1.570796327,5
1.63248863868E+18,-25.4122505,28.3407429,-1.570796327,5
1.63248863874E+18,-25.4122515,28.3407429,-1.570796327,5
1.63248863880E+18,-25.4122525,28.3407429,-1.570796327,5
1.63248863886E+18,-25.4122535,28.3407429,-1.570796327,5
1.63248863892E+18,-25.4122545,28.3407429,-1.570796327,5
1.63248863898E+18,-25.4122555,28.3407429,-1.570796327,5
1.63248863904E+18,-25.4122565,28.3407429,-1.570796327,5
1.63248863910E+18,-25.4122575,28.3407429,-1.570796327,5
1.63248863916E+18,-25.4122585,28.3407429,-1.570796327,5
1.63248863922E+18,-25.4122595,28.3407429,-1.570796327,5
1.63248863928E+18,-25.4122605,28.3407429,-1.570796327,5
1.63248863934E+18,-25.4122615,28.3407429,-1.570796327,5
1.63248863940E+18,-25.4122625,28.3407429,-1.570796327,5
1.63248863946E+18,-25.4122635,28.3407429,-1.570796327,5
1.63248863952E+18,-25.4122645,28.3407429,-1.570796327,5
1.63248863958E+18,-25.4122655,28.3407429,-1.570796327,5
1.63248863964E+18,-25.4122665,28.3407429,-1.570796327,5
1.63248863970E+18,-25.4122675,28.3407429,-1.570796327,5
1.63248863976E+18,-25.4122685,28.3407429,-1.570796327,5
1.63248863982E+18,-25.4122695,28.3407429,-1.570796327,5
1.63248863988E+18,-25.4122705,28.3407429,-1.570796327,5
1.63248863994E+18,-25.4122715,28.3407429,-1.570796327,5
1.63248864000E+18,-25.4122725,28.3407429,-1.570796327,5
1.63248864006E+18,-25.4122735,28.3407429,-1.570796327,5
1.63248864012E+18,-25.4122745,28.3407429,-1.570796327,5
1.63248864018E+18,-25.4122755,28.3407429,-1.570796327,5
1.63248864024E+18,-25.4122765,28.3407429,-1.570796327,5
1.63248864030E+18,-25.4122775,28.3407429,-1.570796327,5
1.63248864036E+18,-25.4122785,28.3407429,-1.570796327,5
1.63248864042E+18,-25.4122795,28.3407429,-1.570796327,5
1.63248864048E+18,-25.4122805,28.3407429,-1.570796327,5
1.63248864054E+18,-25.4122815,28.3407429,-1.570796327,5
1.63248864060E+18,-25.4122825,28.3407429,-1.570796327,5
1.63248864066E+18,-25.4122835,28.3407429,-1.570796327,5
1.63248864072E+18,-25.4122845,28.3407429,-1.570796327,5
1.63248864078E+18,-25.4122855,28.3407429,-1.570796327,5
1.63248864084E+18,-25.4122865,28.3407429,-1.570796327,5
1.63248864090E+18,-25.4122875,28.3407429,-1.570796327,5
1.63248864096E+18,-25.4122885,28.3407429,-1.570796327,5
1.63248864102E+18,-25.4122895,28.3407429,-1.570796327,5
1.63248864108E+18,-25.4122905,28.3407429,-1.570796327,5
1.63248864114E+18,-25.4122915,28.3407429,-1.570796327,5
1.63248864120E+18,-25.4122925,28.3407429,-1.570796327,5
1.63248864126E+18,-25.4122935,28.3407429,-1.570796327,5
1.63248864132E+18,-25.4122945,28.3407429,-1.570796327,5
1.63248864138E+18,-25.4122955,28.3407429,-1.570796327,5
1.63248864144E+18,-25.4122965,28.3407429,-1.570796327,5
1.63248864150E+18,-25.4122975,28.3407429,-1.570796327,5
1.63248864156E+18,-25.4122985,28.3407429,-1.570796327,5
1.63248864162E+18,-25.4122995,28.3407429,-1.570796327,5
1.63248864168E+18,-25.4123005,28.3407429,-1.570796327,5
1.63248864174E+18,-25.4123015,28.3407429,-1.570796327,5
1.63248864180E+18,-25.4123025,28.3407429,-1.570796327,5
1.63248864186E+18,-25.4123035,28.3407429,-1.570796327,5
1.63248864192E+18,-25.4123045,28.3407429,-1.570796327,5
1.63248864198E+18,-25.4123055,28.3407429,-1.570796327,5
1.63248864204E+18,-25.4123065,28.3407429,-1.570796327,5
1.63248864210E+18,-25.4123075,28.3407429,-1.570796327,5
1.63248864216E+18,-25.4123085,28.3407429,-1.570796327,5
1.63248864222E+18,-25.4123095,28.3407429,-1.570796327,5
1.63248864228E+18,-25.4123105,28.3407429,-1.570796327,5
1.63248864234E+18,-25.4123115,28.3407429,-1.570796327,5
1.63248864240E+18,-25.4123125,28.3407429,-1.570796327,5
1.63248864246E+18,-25.4123135,28.3407429,-1.570796327,5
1.63248864252E+18,-25.4123145,28.3407429,-1.570796327,5
1.63248864258E+18,-25.4123155,28.3407429,-1.570796327,5
1.63248864264E+18,-25.4123165,28.3407429,-1.570796327,5
1.63248864270E+18,-25.4123175,28.3407429,-1.570796327,5
1.63248864276E+18,-25.4123185,28.3407429,-1.570796327,5
1.63248864282E+18,-25.4123195,28.3407429,-1.570796327,5
1.63248864288E+18,-25.4123205,28.3407429,-1.570796327,5
1.63248864294E+18,-25.4123215,28.3407429,-1.570796327,5
1.63248864300E+18,-25.4123225,28.3407429,-1.570796327,5
1.63248864306E+18,-25.4123235,28.3407429,-1.570796327,5
1.63248864312E+18,-25.4123245,28.3407429,-1.570796327,5
1.63248864318E+18,-25.4123255,28.3407429,-1.570796327,5
1.63248864324E+18,-25.4123265,28.3407429,-1.570796327,5
1.63248864330E+18,-25.4123275,28.3407429,-1.570796327,5
1.63248864336E+18,-25.4123285,28.3407429,-1.570796327,5
1.63248864342E+18,-25.4123295,28.3407429,-1.570796327,5
1.63248864348E+18,-25.4123305,28.3407429,-1.570796327,5
1.63248864354E+18,-25.4123315,28.3407429,-1.570796327,5
1.63248864360E+18,-25.4123325,28.3407429,-1.570796327,5
1.63248864366E+18,-25.4123335,28.3407429,-1.570796327,5
1.63248864372E+18,-25.4123345,28.3407429,-1.570796327,5
1.63248864378E+18,-25.4123355,28.3407429,-1.570796327,5
1.63248864384E+18,-25.4123365,28.3407429,-1.570796327,5
1.63248864390E+18,-25.4123375,28.3407429,-1.570796327,5
1.63248864396E+18,-25.4123385,28.3407429,-1.570796327,5
1.63248864402E+18,-25.4123395,28.3407429,-1.570796327,5
1.63248864408E+18,-25.4123405,28.3407429,-1.570796327,5
1.63248864414E+18,-25.4123415,28.3407429,-1.570796327,5
1.63248864420E+18,-25.4123425,28.3407429,-1.570796327,5
1.63248864426E+18,-25.4123435,28.3407429,-1.570796327,5
1.63248864432E+18,-25.4123445,28.3407429,-1.570796327,5
1.63248864438E+18,-25.4123455,28.3407429,-1.570796327,5
1.63248864444E+18,-25.4123465,28.3407429,-1.570796327,5
1.63248864450E+18,-25.4123475,28.3407429,-1.570796327,5
1.63248864456E+18,-25.4123485,28.3407429,-1.570796327,5
1.63248864462E+18,-25.4123495,28.3407429,-1.570796327,5
1.63248864468E+18,-25.4123505,28.3407429,-1.570796327,5
1.63248864474E+18,-25.4123515,28.3407429,-1.570796327,5
1.63248864480E+18,-25.4123525,28.3407429,-1.570796327,5
1.63248864486E+18,-25.4123535,28.3407429,-1.570796327,5
1.63248864492E+18,-25.4123545,28.3407429,-1.570796327,5
1.63248864498E+18,-25.4123555,28.3407429,-1.570796327,5
1.63248864504E+18,-25.4123565,28.3407429,-1.570796327,5
1.63248864510E+18,-25.4123575,28.3407429,-1.570796327,5
1.63248864516E+18,-25.4123585,28.3407429,-1.570796327,5
1.63248864522E+18,-25.4123595,28.3407429,-1.570796327,5
1.63248864528E+18,-25.4123605,28.3407429,-1.570796327,5
1.63248864534E+18,-25.4123615,28.3407429,-1.570796327,5
1.63248864540E+18,-25.4123625,28.3407429,-1.570796327,5
1.63248864546E+18,-25.4123635,28.3407429,-1.570796327,5
1.63248864552E+18,-25.4123645,28.3407429,-1.570796327,5
1.63248864558E+18,-25.4123655,28.3407429,-1.570796327,5
1.63248864564E+18,-25.4123665,28.3407429,-1.570796327,0
1.63248864570E+18,-25.4123665,28.3407429,-1.570796327,0
1.63248864576E+18,-25.4123665,28.3407429,-1.570796327,0
1.63248864582E+18,-25.4123665,28.3407429,-1.570796327,0
1.63248864588E+18,-25.4123665,28.3407429,-1.570796327,0
1.63248864594E+18,-25.4123665,28.3407429,-1.570796327,0